country,founded,id,industry,linkedin_url,locality,name,region,size,website
india,2022,32fBXPBlQujy7VXZCQ7fCgtuFNUp,marketing and advertising,linkedin.com/company/eternal-digi,hyderābād,eternal digi,telangana,11-50,eternaldigi.com
india,,WfPfnFp3xpyEULcBVKUHBA4wLSJV,marketing and advertising,linkedin.com/company/blackhighlights,new delhi,black highlights,delhi,1-10,blackhighlights.com
india,2015,UTP9miADbBhZRFBQpYbRdAzMHYSk,marketing and advertising,linkedin.com/company/framesmedia-creative-agency,thāne,framezmedia,maharashtra,1-10,framezmedia.in
india,2020,MqCon6pz4Tfj2LJgYcJ2Zw8fOdTA,marketing and advertising,linkedin.com/company/enrich-data-services,shillong,enrich data services,meghalaya,11-50,enrichdataservices.com
india,2023,SNFxN5w5CsqswZTlXW220Ax0wqJh,marketing and advertising,linkedin.com/company/afterzero,kolkāta,afterzero,west bengal,1-10,theafterzero.com
india,2020,bncVpo0CbBivhAwT4BeqSwjUgbzB,marketing and advertising,linkedin.com/company/ingenious-perk,pune,ingenious perk,maharashtra,1-10,digitalfreelancers.co.in
india,2011,5IhQ1WjKRuPaduMjXzNf6wXb6rmj,marketing and advertising,linkedin.com/company/intech-solutions-india,hyderābād,intech solutions india,telangana,1-10,
india,2019,VoROyvMKxvo4aBwiBhAO6A4oRocs,marketing and advertising,linkedin.com/company/adimator-official,lucknow,adimators,uttar pradesh,11-50,adimators.com
india,2017,GF2wsPWqYkYdwm8NqGJWVQuAnLfq,marketing and advertising,linkedin.com/company/mountblog,new delhi,mountblog,delhi,1-10,mountblog.com
india,1992,KWNG85vc6dm9Zp3ZRvU2SQVBJHvz,marketing and advertising,linkedin.com/company/laksh-advertising-&-marketing,,laksh advertising & marketing,,11-50,lakshad.com
india,2019,kIPSIjpuRBiDrgTwsWENvA1nDKws,marketing and advertising,linkedin.com/company/conceptual-arts-mumbai,mumbai,conceptual arts llp,maharashtra,1-10,conceptualarts.in
india,2018,9GrBaKrnlowtf1HwcM5RtgfFwJBf,marketing and advertising,linkedin.com/company/therefore-i,bangalore,therefore i,karnataka,1-10,there4i.com
india,2020,tJzSPw3Q5kcGYD5BWNXk2woz0RtJ,marketing and advertising,linkedin.com/company/glash-digital-agency,calicut,glash digital agency,kerala,11-50,glash.in
india,,F5cCebf9Sx2CODidnrLR3AnhWQ7E,marketing and advertising,linkedin.com/company/spx-marketing,dāpoli,spx marketing,maharashtra,1-10,spx.marketing
india,2020,4cYxQqNtjLIzk4xEDgMifwpUrHSX,marketing and advertising,linkedin.com/company/opportune-ventures,mumbai,opportune,maharashtra,1-10,opportune.co.in
india,2018,9CMz7yfpc8g9qnmQYhHS7QtuMbFJ,marketing and advertising,linkedin.com/company/madari-ads,,madari ads,delhi,1-10,madariads.com
india,2021,zyYG3UCiLdrJwS3XZ4nPDQmryf33,marketing and advertising,linkedin.com/company/smtmedia,kolkāta,smt media,west bengal,1-10,smtmedia.co
india,,TEJxso2wfYrcuWXyg3oALAKlXmCi,marketing and advertising,linkedin.com/company/vidharth-marketing,ahmedabad,vidharth marketing,gujarat,1-10,vidharthmarketing.com
india,2023,uMuCTdtFRaCeVDDTZvINNAgIvDAl,marketing and advertising,linkedin.com/company/reach-technologiess,chennai,reach technologies,tamil nadu,1-10,
india,,FttDGBq748xxtagiVFmVzAA2gPF5,marketing and advertising,linkedin.com/company/digitalpahadipage,rishīkesh,digital pahadi,uttarakhand,1-10,digitalpahadi.com
india,2020,Ek34MADkVjh8m0W8tgjQVAE60F3s,marketing and advertising,linkedin.com/company/saaz-digital,lucknow,saaz digital,uttar pradesh,1-10,saazdigital.online
india,2010,uNfN4fh1CJ4jH4EqMjedXQDotFX1,marketing and advertising,linkedin.com/company/aayug-media-creation,delhi,aayug media creation,delhi,51-200,aayugcreation.com
india,2023,V8C2qWRCz4c7X3R7QQ2BRwaOGMgv,marketing and advertising,linkedin.com/company/pixelpulse,hsr layout,pixelpulse digital,karnataka,1-10,pixelpulse.in
india,2016,JvweG3IGdTyGpaOJSWEbzAPTATK0,marketing and advertising,linkedin.com/company/digisays-infotech,raipur,digisays infotech,chhattisgarh,1-10,digisays.com
india,2021,EGK55rKXeHRShVYxd2byRwPHw5Kl,marketing and advertising,linkedin.com/company/atharvadigital,pune,atharvadigital,maharashtra,1-10,
india,2023,2xilLYna3jOk0TRRZxJYxwW6KxXM,marketing and advertising,linkedin.com/company/dekhle-onine,indore,trip needs,madhya pradesh,11-50,tripneeds.in
india,,SlBXeqIqhJrucfV9Mv5OCwjJ9oZ0,marketing and advertising,linkedin.com/company/digital-swapnil,pune,digital swapnil,maharashtra,11-50,
india,,5ncZ3NiJ21Ohi8H5LNu6rQ2OqCHt,marketing and advertising,linkedin.com/company/predictpath,,predictpath,delhi,1-10,predictpath.com
india,,vJFpDimLf9BIqfdNrmwB9g4QOMA0,marketing and advertising,linkedin.com/company/hashntagmedia,andheri east,hash 'n' tag media,maharashtra,11-50,hashntagmedia.com
india,2019,6U2KV5r0uehwtVsn1pwVXwzfQ3It,marketing and advertising,linkedin.com/company/epitomedia,new delhi,epitomedia,delhi,1-10,epitomedia.in
india,2020,sKrfzNVPCCkGAwmWXbGwEgPUoI8r,marketing and advertising,linkedin.com/company/anteater-media-communications-pvt-ltd,gurgaon,anteater media & communications pvt ltd,haryana,1-10,anteatermedia.com
india,,Q0JnyicPGAE96TX8BP9FrwI5NT61,marketing and advertising,linkedin.com/company/marketing-in-business,gurugram,marketing in business,haryana,1-10,marketinginbusiness.in
india,2021,60NRpRrpjPeAprouwIUW3wdfS3n3,marketing and advertising,linkedin.com/company/tier2digital,bangalore,tier2 digital,karnataka,11-50,tier2.digital
india,2024,1XgIRCWe8KRl8g7kJ77blgvuinMo,marketing and advertising,linkedin.com/company/essmonline,mumbai,essential social strategies,maharashtra,1-10,essmonline.in
india,2018,wTzsKnWxCGCyVGPbwnWSqwfTMG0i,marketing and advertising,linkedin.com/company/anish-y,worli sea face,dm hub,maharashtra,1-10,
india,2021,4YbFROc8TUG8fB0jzUU8rQaX7NwU,marketing and advertising,linkedin.com/company/kuchh-karte-hain,ahmedabad,kuchh karte hain,gujarat,1-10,instagram.com/kuchhkartehain
india,,k7YTlPMQGD4bF0tJGrgENQy72TEr,marketing and advertising,linkedin.com/company/amitkk,gurgaon sector 45,amitkk,haryana,11-50,amitkk.com
india,2021,tpduHYjIDTgbl5vhbFEu9A5tBQWr,marketing and advertising,linkedin.com/company/askmarkman,mumbai,markman,maharashtra,11-50,
india,2023,FSDhuQquyLUBv2zNGWTgmQbNPGSX,marketing and advertising,linkedin.com/company/wigyapancom,pune,wigyapan,maharashtra,1-10,wigyapan.com
india,2020,lza8FiI4bXBu119prHdJKAJh0xTD,marketing and advertising,linkedin.com/company/bgdigitl,kochi,beegee digital,kerala,1-10,beegee.digital
india,,ZhICqkbEBP6oOKN4ynXhhgNnBlZJ,marketing and advertising,linkedin.com/company/kkstar,tohāna,kkstar,haryana,1-10,
india,2016,6A8Bow661BgqrsOCPBt4xwELyjbG,marketing and advertising,linkedin.com/company/fervidcreations,pune,fervid creations,maharashtra,11-50,fervidcreations.com
india,2019,30Ur0Xa1UWmLnueL3B620gU5cegD,marketing and advertising,linkedin.com/company/social-quacks,sonīpat,social quacks,haryana,11-50,socialquacks.com
india,2016,wyRbRQf3X36kvE5eWyt26gFT1Hsi,marketing and advertising,linkedin.com/company/maven-biztech-llp,pune,maven biztech,maharashtra,51-200,mavenbiztech.com
india,2017,u95oaKO8ZkVzWCnwYz2iCgMjvUPo,marketing and advertising,linkedin.com/company/udyog-mitra,pune,udyog mitra,maharashtra,11-50,udyogmitra.co.in
india,2021,BunP3AJuVyheNx644pqHSwlwKmVL,marketing and advertising,linkedin.com/company/right-arm-marketing,chennai,right arm marketing,tamil nadu,1-10,rightarmmarketing.com
india,,7m3IqWctBuhwDRMtDxlhGQ0hcc14,marketing and advertising,linkedin.com/company/11bc-the-business-cafe,bangalore,11bc -  the business cafe,karnataka,11-50,11business.cafe
india,2023,9d76Vh1pBfbbtVduWeu8nQVi7lsB,marketing and advertising,linkedin.com/company/marketing-zettabyte,hyderābād,marketing zettabyte,telangana,51-200,marketingzettabyte.com
india,,CUgNCPnCOVkrjKYG3uc68wFNXxac,marketing and advertising,linkedin.com/company/gocrafty-india,bangalore,gocrafty india,karnataka,1-10,
india,2024,13kgOrm2uBE3oJO9eTgTOwKMmsKG,marketing and advertising,linkedin.com/company/sky-madlabs,ahmedabad,sky madlabs,gujarat,11-50,skymadlabs.com
india,2015,dt1GkB4WbtjHhXw1kcnHHANe6Hp5,marketing and advertising,linkedin.com/company/lorryzone,noida,lorryzone,uttar pradesh,51-200,lorryzone.com
india,1998,TCcMth90t4iZicM2KnmuKAGViUdB,marketing and advertising,linkedin.com/company/alteregocommunications,chennai,alter ego communications,tamil nadu,11-50,
india,2023,MZwEZRjfbZAQ6jcdQXaq2wug1mrr,marketing and advertising,linkedin.com/company/mediacrux,gangānagar,mediacrux,rajasthan,1-10,mediacrux.com
india,,8MosQPAnUalOUGeeMvxtvwGBCIQH,marketing and advertising,linkedin.com/company/binocularads,cannanore,binocular advertising,kerala,1-10,binocularads.com
india,2016,noi7louWYwLAcsIohm0XfQH1EKId,marketing and advertising,linkedin.com/company/cannibals,pune,cannibals media,maharashtra,11-50,cannibals.digital
india,2021,1Z1Ik2yH3LN2AJ28mm32LwK4PATF,marketing and advertising,linkedin.com/company/blackyakmedia,new delhi,blackyak media,delhi,1-10,blackyak.media
india,2022,CwwcrRMpRTk0gF6TljmoCwBQnlsc,marketing and advertising,linkedin.com/company/imigrom-mediatech,patna,imigrom mediatech,bihar,1-10,imigrom.com
india,2018,RTDnes9TPIZPKIMILrNBdw4FyNhz,marketing and advertising,linkedin.com/company/clevertize,bangalore,clevertize,karnataka,11-50,clevertize.com
india,2015,eaz98ZhsecnIY0u9JiHjkwL9UIvg,marketing and advertising,linkedin.com/company/mobiliseinc,bangalore,mobilise,karnataka,11-50,mobilise.agency
india,,qY7lJcmMjjow5GTy1OHq7QJgHrHS,marketing and advertising,linkedin.com/company/addmantra-advt-pvt-ltd-,,addmantra advt. pvt. ltd.,,1-10,addmantra.com
india,2019,TcqzHASBUUR42hCiHsFBrgUJORyf,marketing and advertising,linkedin.com/company/letsmarks,gajularamaram,let's mark,telangana,11-50,letsmarks.com
india,2014,F11oW0xSDVXcyKmvENIouAedxhku,marketing and advertising,linkedin.com/company/webkriya-llp,bangalore,webkriya,karnataka,1-10,webkriya.co
india,2022,Cl7bsADni49C5XuDCABgZgzl9kJA,marketing and advertising,linkedin.com/company/vibx-agency,new delhi,vibx agency,delhi,1-10,
india,2019,2tHW03fQBh4O60y8wBok3QuDSgMM,marketing and advertising,linkedin.com/company/digital10x,c.v.raman nagar,digital10x,karnataka,11-50,digital10x.in
india,2015,5XeAvPgg86Q0odwCYVDCqQFY0pnJ,marketing and advertising,linkedin.com/company/brandobast,pune,brandobast,maharashtra,1-10,brandobast.in
india,2022,GHrORYjPTVVuVENFzC8ZrQerIaV5,marketing and advertising,linkedin.com/company/pebble-marketers,new delhi,pebble marketers,delhi,1-10,instagram.com/pebblemarketers
india,2019,Vuq4Emwxg9M7VACHqbdOEAFKq9Vj,marketing and advertising,linkedin.com/company/k2websolutions,kochi,k2web solutions,kerala,11-50,k2web.in
india,2019,aNnojQ44W2rVyfQRaAQQPghgCnjT,marketing and advertising,linkedin.com/company/webbicles,kolkāta,webbicles®,west bengal,1-10,webbicles.com
india,2020,GWhBqL8WNPc7gdP6k87BWgE7ggtC,marketing and advertising,linkedin.com/company/adliftmedia,noida,adlift media,uttar pradesh,1-10,adliftmedia.in
india,2021,abjlAghR1Mndm4vikIwQLwpSZgDx,marketing and advertising,linkedin.com/company/the-strive-digital,bhīlwāra,strive digital,rajasthan,1-10,strivedigital.co
india,2017,2hJ4js5PaqS9xrGVk4lCHgCMTv3j,marketing and advertising,linkedin.com/company/humblebrag-advertising,mumbai,humblebrag advertising,maharashtra,11-50,humblebrag.agency
india,,Qt7TLv6ALL0CClksIVpHegtucGmG,marketing and advertising,linkedin.com/company/webrulers,nagar,web rulers,punjab,11-50,webrulers.in
india,2020,S3zhfsXHl4gzVnl78GBMZgineFNO,marketing and advertising,linkedin.com/company/sociialy-marketing,pune,sociialy marketing technologies,maharashtra,1-10,sociialy.com
india,2022,S3yCc9YtXUpqOJFA1f5HLQqExcEG,marketing and advertising,linkedin.com/company/purpledirection,mumbai,purple direction llp,maharashtra,11-50,purpledirection.com
india,,5WfokYtRs2Av7gfkg35gdw5M8Wvz,marketing and advertising,linkedin.com/company/chatveda,bangalore,chatveda,karnataka,1-10,chatveda.com
india,2015,NEJ0FVj2788M6CBTXbaOHAbVLRdm,marketing and advertising,linkedin.com/company/dsigns-world,cannanore,dsigns world,kerala,1-10,dsignsworld.com
india,2019,Hb8fs6OobP8DGXrFyQ52PA0R92Gn,marketing and advertising,linkedin.com/company/fotoplane,dlf qe,fotoplane social,haryana,11-50,fotoplane.com
india,2018,qmAHkEaVK1ENRBWNR4bTTQHEizhO,marketing and advertising,linkedin.com/company/mirakki-digital-beyond,mohāli,mirakki - digital & beyond,punjab,1-10,mirakki.com
india,2018,AeOKocpbNTPGOQYKrBJP5QVd6lM4,marketing and advertising,linkedin.com/company/razo-services,new delhi,razo services,delhi,11-50,razoservices.com
india,2011,N5z3B90FA4Ct2xM94cEWKQBmX48q,marketing and advertising,linkedin.com/company/letonyx-technologies,chennai,letonyx technologies,tamil nadu,1-10,letonyx.com
india,2020,9kiGg8RSYA6QKyvRBiaI5wcjf8I3,marketing and advertising,linkedin.com/company/outsourc,mumbai,outsourc,maharashtra,1-10,
india,2023,QlzeMDQBqDouJTXxZhyWvwOe6Ju6,marketing and advertising,linkedin.com/company/planbeeads,melmuri,planbee,kerala,1-10,planbee.in
india,2020,MMPfWZIcBTtLUBT1pkhbIQmS3plz,marketing and advertising,linkedin.com/company/upliftsaas,new delhi,uplift saas,delhi,1-10,upliftsaas.com
india,2020,d20xb3TQ7tJh1KELkalVuwSxQBIN,marketing and advertising,linkedin.com/company/millionbazaar,sūrat,million bazaar,gujarat,1-10,millionbazaar.com
india,2015,sz5sWWwzu786xMPoRcaBIAM2KzY8,marketing and advertising,linkedin.com/company/stomaofficial,bangalore,stoma global private limited,karnataka,11-50,stomaofficial.com
india,2021,vFLvkxwzzaZLkhXPtCCLJALMcIky,marketing and advertising,linkedin.com/company/brandzoo-media-agency,new delhi,brandzoo media agency,delhi,11-50,
india,,2rg47SBF2kP10beu5BvMbAWfzPh6,marketing and advertising,linkedin.com/company/social-yaar,mumbai,social yaar,maharashtra,1-10,socialyaar.com
india,2017,xBJYeEAN7c0yp374TxsWBw5iSgbS,marketing and advertising,linkedin.com/company/socioactiv,bangalore,socioactiv brand solutions,karnataka,1-10,socioactiv.com
india,,BMjd3ur64zmFjDf0VVwR7ggDXTA3,marketing and advertising,linkedin.com/company/noo3studios,new delhi,noo3 studios,delhi,1-10,noo3studios.com
india,2020,7cACyChP41gpcDvPDqnKkQhWMTf0,marketing and advertising,linkedin.com/company/empowermagazine,mumbai,empower magazine,maharashtra,11-50,empowermag.net
india,2009,CwZgWTBisSRDFFzRSGBFpgGRbNrG,marketing and advertising,linkedin.com/company/yakkai-studio,chennai,yakkai studio,tamil nadu,11-50,yakkaistudio.in
india,2023,eDIWdaBfPQt4XnYrcK8k7gU3HOD8,marketing and advertising,linkedin.com/company/the-affiliate-minds,gwalior,the affiliate minds,madhya pradesh,11-50,theaffiliateminds.com
india,1993,ZefKlUKzpoAbr96GH5HI1QWASoDS,marketing and advertising,linkedin.com/company/twenty-first-century-media,new delhi,tcm sports,delhi,51-200,tcm.co.in
india,2011,dryPbKJ9uX4ZnDTYz3PpIgEoMxMm,marketing and advertising,linkedin.com/company/brand-souls-networks,sector 22,brand souls networks,chandigarh,1-10,brandsouls.com
india,,zsaRL8LsxnWrGRvztHLaTgqaSOGV,marketing and advertising,linkedin.com/company/tailor-my-brand,quilon,tailor my brand,kerala,1-10,tailormybrand.com
india,2022,7Gm9V7RvKVuCX64ifIHV3QPZ7i3V,marketing and advertising,linkedin.com/company/nutricare-marketing-pvt-ltd,arrah,r.k enterprises,bihar,1-10,nutricareindia.com
india,,dDR0IobqMD3ctg4jnZy2xAgxXAmp,marketing and advertising,linkedin.com/company/ralph&das,bangalore,ralph&das,karnataka,11-50,ralphanddas.com
india,2016,BScgldZ0kTijT0bXvBC58AoaaZFX,marketing and advertising,linkedin.com/company/ad-my-city,ujjain,admycity pvt ltd,madhya pradesh,51-200,jcmbazar.com
india,2022,uKNNCWSxVj6navWnSkRonwAVT0Jb,marketing and advertising,linkedin.com/company/digipod-co-in,dehra dūn,digipod,uttarakhand,1-10,digipod.tech
india,,3vB01jCuZb9pP24qH2SUignq2HuX,marketing and advertising,linkedin.com/company/pixelvanguards,sūrat,pixel vanguards,gujarat,1-10,pixelvanguards.com
india,2015,9ISM6G1kIF3aFW04eZyPWgrTsmd4,marketing and advertising,linkedin.com/company/global-targetz,bangalore,nationwide info,karnataka,1-10,
india,,kf5zReBDf0S8fTqREX8V8A00QeEL,marketing and advertising,linkedin.com/company/leadmads,mohāli,superbuzz media a digital marketing agency,punjab,1-10,superbuzzmedia.com
india,2016,1dxHvCC0EsnMuLUogwK8rwGTKAi2,marketing and advertising,linkedin.com/company/zetech-branding-coporation,trichinopoly,zetech branding corporation,tamil nadu,11-50,zetech.in
india,,kYuwP5VAuPB7nG9tFX7HpwVU3ZsD,marketing and advertising,linkedin.com/company/vigyapan-social,bangalore,vigyapan.social,karnataka,1-10,vigyapan.social
india,,F4BU27K55oxhVKjyqV7lwgHbpbZJ,marketing and advertising,linkedin.com/company/shubhangi-gupta,gurugram,shubhangi gupta,haryana,1-10,theunpleasant.com
india,2023,lm0o581yqx6Wt6XQ02U2rALtpeYh,marketing and advertising,linkedin.com/company/terradigimark,sūrat,terra digimark,gujarat,1-10,
india,,KUMm29Mj6T9NVaPVYGBLnQDNYncj,marketing and advertising,linkedin.com/company/starlon-digital,bangalore,starlon digital,karnataka,11-50,starlon.digital
india,,zlBIpx6iycePp9L02Jq6TgTRXVDI,marketing and advertising,linkedin.com/company/stand-gorgeous,gurgaon,stand gorgeous,haryana,1-10,standgorgeous.com
india,2018,c11LsA9SiZBwCvCNLuFW0QgH9XBb,marketing and advertising,linkedin.com/company/thedmedia,dholi,thedmedia,rajasthan,1-10,
india,,fBYbfwuAMGuHbbE6fjKitgrCOWYZ,marketing and advertising,linkedin.com/company/wide-reach-advertising-pvt-ltd.,hyderābād,wide reach advertising pvt ltd.,telangana,1-10,widereach.in
india,2021,ZeCTY3bnYB4TXwxa5TTi0QB0NK6U,marketing and advertising,linkedin.com/company/fox-digital-services,jaipur,fox digital services,rajasthan,1-10,foxdigitals.in
india,2019,inxtlypkc6za5CiD9wtumgn3MQIF,marketing and advertising,linkedin.com/company/buildfluence,,buildfluence,chandigarh,1-10,
india,2016,W3OCBJxyzUNA4ZdhxijDmQ5hXJ8x,marketing and advertising,linkedin.com/company/ibrand-communications,ernākulam,ibrand communications,kerala,1-10,ibrandads.com
india,,DyGBJRes8ASPNgwDl1jxlgvfSlnr,marketing and advertising,linkedin.com/company/media-x-factor,shahupuri,media x factor,maharashtra,1-10,
india,2016,qlmJ5fuZR7W2LP1Y2Wq7rwki2kC1,marketing and advertising,linkedin.com/company/plan-d-agency,salt lake city,plan d media,west bengal,1-10,pland.in
india,2015,vpQa41RYJVYNChPzM0YdOQGCebWe,marketing and advertising,linkedin.com/company/adglobi-media,one,adglobi media,maharashtra,1-10,adglobi.com
india,2004,niFXNm2Zz63YJi1BWeiMIgEjbiil,marketing and advertising,linkedin.com/company/roshni-advertizing-and-marketing,andheri east,roshni advertizing and marketing,maharashtra,11-50,roshniadvertizingandmarketing.business.site
india,2020,kRRQW5F4sGzlvTsaDkFYMANI2Wf6,marketing and advertising,linkedin.com/company/digi-plus-tech,,digiplustech,delhi,11-50,digiplustech.com
india,2023,Sb77NBaA5QBSifRE16xc6Qzl3ZnS,marketing and advertising,linkedin.com/company/marketing-verse-digital-marketing-services,ahmedabad,marketing verse,gujarat,1-10,
india,,pBQ7YRuV0fUwrJmn2GuHBQNtYmdX,marketing and advertising,linkedin.com/company/the-growthape,bangalore,the growthape,karnataka,1-10,thegrowthape.com
india,2008,uQdcWyL6CC3QkA7dHFXr8wKkZtU9,marketing and advertising,linkedin.com/company/traffic-pulse,jaipur,traffic pulse,rajasthan,1-10,trafficpulse.biz
india,2014,JE7UYPtBCgeRKfQSEi0k8wQWREm9,marketing and advertising,linkedin.com/company/brand-com-solutions,lucknow,brand com solution events management,uttar pradesh,11-50,brandcomsolution.in
india,2009,FAwbVINPKhPcN5S12IYnhAznsT4H,marketing and advertising,linkedin.com/company/stimulant-communications,ahmedabad,stimulant communications,gujarat,11-50,stimulantcommunications.com
india,2013,DXocVgiUlqEzF3nIlvSFjQVquRCG,marketing and advertising,linkedin.com/company/ally-digital-media-pvt-ltd,pune,ally digital media pvt. ltd.,maharashtra,1-10,allydigital.in
india,2017,sT8AOUuWvENH3ClNG2N1lAaG0NNc,marketing and advertising,linkedin.com/company/trafficsource,dehra dūn,traffic source,uttarakhand,1-10,trafficsource.co.in
india,,VYL7EDEWXBNSlLEfbFBBkwZAOSC8,marketing and advertising,linkedin.com/company/purple-spot-media,indore,purple spot media,madhya pradesh,1-10,purplespotmedia.in
india,2014,oPPBZOff58eozOcSIIwJ6wN9aAwT,marketing and advertising,linkedin.com/company/phozeca-digital-services,gurgaon,phozeca digital services,haryana,11-50,phozeca.com
india,1991,dPWTiN8lxZXIjlaBsFwbuwKjRTtb,marketing and advertising,linkedin.com/company/blackchilli-bcc,vile parle,blackchilli bcc,maharashtra,11-50,wix.com/blackchillibcc/corporate
india,,YqD2DCQpN4Zs1Q4VuRqAXgSCTNNa,marketing and advertising,linkedin.com/company/digihutgoa,kānkon,digihutgoa,goa,1-10,
india,2019,C9zurB9Y2Ezfi4i5yVlX8gtMyjt6,marketing and advertising,linkedin.com/company/digital-growth-technology,bhopāl,digital growth technology,madhya pradesh,1-10,digitalgrowthtechnology.com
india,2021,lROOfwlldpV9FQVtFIla2Q99pk6R,marketing and advertising,linkedin.com/company/saviraj-media,pune,saviraj media,maharashtra,1-10,
india,2020,QCOQqVqU7mFRZSxOCtzkmAds7FC3,marketing and advertising,linkedin.com/company/dream-vision-digital-marketing-agency,jāmnagar,dream-vision,gujarat,1-10,dream-vision.co.in
india,2022,6bnnrFw5M1ltFeAv0K1i5AANAI2o,marketing and advertising,linkedin.com/company/the-shire-digital-media,pune,the shire media,maharashtra,1-10,theshiremedia.com
india,,cs18OWRJXCit7FbjtAcbkgEj10pV,marketing and advertising,linkedin.com/company/phoenix-branding-solutions,india,phoenix branding solutions,madhya pradesh,11-50,
india,2023,7OmuEtTGE2NUTIDRkFQ4UQzpsXAA,marketing and advertising,linkedin.com/company/metadigitalsolutionspvtltd,mohāli,meta digital solutions pvt ltd,punjab,11-50,metadigitalsolutions.in
india,2020,eqBkTLkCSwFUd3P1QcfRYAyAW9A3,marketing and advertising,linkedin.com/company/hoboideas,noida,marketing with hoboideas,uttar pradesh,1-10,hoboideas.in
india,2022,73FI2FBGKWxWzbmEaCeX8QYdRhpK,marketing and advertising,linkedin.com/company/adrexcreative,calicut,adrex creative,kerala,11-50,adrex.in
india,2020,L33xnIQIqL0YGWqdl8RQSAc7HseV,marketing and advertising,linkedin.com/company/review-media-digital-pr,sri rampura 2nd stage,review media ( digital & pr),karnataka,1-10,reviewmedia.in
india,,VxuOKazCEr0vSi209RBkVA18yOnL,marketing and advertising,linkedin.com/company/pubcom-media,farīdābād,pubcom media,haryana,11-50,pubcommedia.com
india,,9i6xsqRMNfDkJLRLkBLYOAox7xuu,marketing and advertising,linkedin.com/company/krazy-mantra-it-pvt.-ltd,morbi,krazy mantra it pvt. ltd,gujarat,1-10,
india,2023,roKuQwl7caRpUBEEn2FZ2gxjQ9pY,marketing and advertising,linkedin.com/company/megalent-marketing,mathura,megalent marketing,uttar pradesh,1-10,megalent.com
india,2020,Kl3wv3VnF39LQcg30z93xwoRGTdi,marketing and advertising,linkedin.com/company/uptouch-media,ahmedabad,uptouch media,gujarat,11-50,uptouchmedia.com
india,2003,QoduS5OyE3o4OCDBG8jBBAAoZ1cw,marketing and advertising,linkedin.com/company/kreativei,mohāli,kreativei productions,punjab,11-50,
india,2014,SsiNkCrxOSJYhzDsEyGxKgXFdBVq,marketing and advertising,linkedin.com/company/nestadigital,thrikkakara,nesta,kerala,1-10,nesta.tech
india,2020,FDutgyHclpXMBBQDuKHa6gDqRshk,marketing and advertising,linkedin.com/company/businessdndbeyond,hyderābād,business and beyond,telangana,1-10,businessandbeyond.co.in
india,,aCtW1SVo7uAMXYNyvOA6CgWV6I6c,marketing and advertising,linkedin.com/company/imperfect-digital,gurgaon,imperfect digital,haryana,11-50,imperfectdigital.com
india,2022,n4dsvsDdR6fOtzfL4dctiwzrxHP9,marketing and advertising,linkedin.com/company/244-digital-solutions,ludhiāna,wing media,punjab,1-10,wingmedia.in
india,2016,NnDj0RtlcoJN8mLfNCVpLAJ9kPfJ,marketing and advertising,linkedin.com/company/gg-business-solutions,panvel city,gg business solutions,maharashtra,1-10,ggbusinesssolutions.com
india,2016,ARGCAe1BPRSRkaqATjF1JAmo0CUy,marketing and advertising,linkedin.com/company/blixtechnologies,noida,blix technologies: digital marketing agency,uttar pradesh,11-50,blixtechnologies.com
india,2022,hjp5DOqTL2Dsm3TH4CkxswCBgvr3,marketing and advertising,linkedin.com/company/outvying-media-solutions,pune,outvying media solution,maharashtra,11-50,outvying.com
india,,CywIy7ZguPtKrBUBCwZ3XQYnfc7v,marketing and advertising,linkedin.com/company/swastik-marketing-co---india,delhi,swastik marketing co - india,delhi,1-10,swastikmarketing.net
india,2022,vFWprR2IrfCRIvLjvqi1iAMMJ4xe,marketing and advertising,linkedin.com/company/nearline-india,yelahanka,nearline india,karnataka,11-50,nearline.in
india,2018,GlTbNB8nkDZwrrPW9x0ysQzAzx9r,marketing and advertising,linkedin.com/company/way2dmark,mumbai,way2dmark,maharashtra,1-10,way2dmark.com
india,,WggTQNB2ai1BWEEHbvFD7gA7QV0O,marketing and advertising,linkedin.com/company/baba-media-group,new delhi,baba media group,delhi,1-10,babamediagroup.com
india,2019,VIVIabqleIQVCIDl3j92NAb73KXG,marketing and advertising,linkedin.com/company/b2bcommunicate,mumbai,b2b communicate,maharashtra,1-10,psbranddigital.com
india,2019,YjfYcByYEs36BEBQZAdYtQHcKD8S,marketing and advertising,linkedin.com/company/techbitestudio,new delhi,techbite studio,delhi,1-10,techbitestudio.com
india,2003,8V5ks1nobYfBBcJcAVgB0wMnLelA,marketing and advertising,linkedin.com/company/beyond-retail1,new delhi,beyond retail,delhi,51-200,beyondretail.co
india,2019,PifDPaEqkjcbegf7vGF9qAiuB3mN,marketing and advertising,linkedin.com/company/squib-digital,bangalore,squib media,karnataka,1-10,
india,2017,l71CWFwBjo7Q5v8y7KE4WQDY57dc,marketing and advertising,linkedin.com/company/infyq-seo-experts,gurgaon,infyq seo experts,haryana,11-50,infyqseoexperts.com
india,2020,bz5ySiFHLGtHepTcjCisMgpe93xN,marketing and advertising,linkedin.com/company/theboredmonkey,mumbai,theboredmonkey,maharashtra,11-50,theboredmonkey.com
india,2011,93EP1wjkYvdN4l5xqCFA7guIhp75,marketing and advertising,linkedin.com/company/dheerajsukumar-com,kanayannur,dheeraj sukumar consulting,kerala,1-10,dheerajsukumar.com
india,2017,9xj8tLiVreoZxBu4mFtzfgWqOyYC,marketing and advertising,linkedin.com/company/eleadsbazaar,navi mumbai,eleadsbazaar,maharashtra,11-50,eleadsbazaar.com
india,,8inV4BqPphrEtJt7IVsX2Qjks3QK,marketing and advertising,linkedin.com/company/lyton-advertising-media-services,rāmtek,lyton advertising media services,telangana,1-10,
india,,49Tqfu97ISxQROAxAQjzUAD5xNX0,marketing and advertising,linkedin.com/company/at-influence,noida,at influence,uttar pradesh,1-10,instagram.com/atinfluence_
india,2018,HOtZi4BNWbh2VBG9T1CCEwHuBDsb,marketing and advertising,linkedin.com/company/buddy-tezz,,buddy tezz,,1-10,buddytezz.in
india,2019,QUFBeY8r4h9FgYRKACpzpw0SLzVy,marketing and advertising,linkedin.com/company/edigital-growth,pune,edigital growth,maharashtra,1-10,edigitalgrowth.in
india,2015,xikiWYVuLy3jOHCc9Ahyqgit52u4,marketing and advertising,linkedin.com/company/web-autovity,new delhi,web autovity,delhi,11-50,webautovity.com
india,2020,osFhLbB6DiprXLbbCDZqoQtga5zA,marketing and advertising,linkedin.com/company/appsmergemedia,pune,appsmergemedia,maharashtra,1-10,appsmergemedia.com
india,2016,mMmf934EnANjaZRj00LEpwx8wKoY,marketing and advertising,linkedin.com/company/buy-digital-marketing,ludhiāna,buy digital marketing,punjab,1-10,buydigitalmarketing.com
india,2022,0FpEJzdG1GVI7oArsFgAQQLEzGFC,marketing and advertising,linkedin.com/company/catalogfi,hyderābād,catalog,telangana,11-50,aksara.io
india,2010,xBkNpCIBiFTS6atlhOAtNwSNFT8r,marketing and advertising,linkedin.com/company/easy-advertising-hub,new delhi,easy advertising hub,delhi,11-50,easyadvertisinghub.com
india,2010,viD6ocnREQ8s1C2maWS3Kguhuay4,marketing and advertising,linkedin.com/company/modifyed-digital,noida,modifyed digital,uttar pradesh,11-50,modifyed.in
india,2012,8BZdqGwk1v3GbJKhvHZggAGSOhod,marketing and advertising,linkedin.com/company/brownbull-india,kolkāta,brownbull india,west bengal,11-50,brownbull.co.in
india,2016,BBzNBMbcUusaFsWlYz9UvwfFLBUX,marketing and advertising,linkedin.com/company/team-nomads,kochi,team nomads,kerala,11-50,teamnomads.in
india,,foCUbHh6d6QBf9FFjP8BBwior24C,marketing and advertising,linkedin.com/company/mediatreesol,hyderābād,mediatree solutions,telangana,1-10,mediatree.in
india,,1P6XeDm8FmBjJeBYRiQotwwfUGJ3,marketing and advertising,linkedin.com/company/negociscorp,chennai,global glam,tamil nadu,11-50,negociscorp.com
india,,1BckiazvHEbi8elqxFa0xgmFlfU4,marketing and advertising,linkedin.com/company/b2l-community,bangalore,b2l || born to lead,karnataka,1-10,born2lead.co.in
india,2019,XFNykmluLzTwr8bsGLEvagAmtoWJ,marketing and advertising,linkedin.com/company/xoopie,rohtak,xoopie,haryana,1-10,xoopie.com
india,,9whlCNLMYHKXq9kAQ2hQFQYb053a,marketing and advertising,linkedin.com/company/big-3-event,,big 3 event,,1-10,big3events.com
india,,eHlAEu7Q6pIvFt3pRVXNgwCjmEcR,marketing and advertising,linkedin.com/company/digital-marketing-gorakhpur,gorakhpur kutchery,digital marketing gorakhpur,uttar pradesh,1-10,digitalmarketinggorakhpur.com
india,,XfXcWSFhy5Hb0sWmiwQQegpb1828,marketing and advertising,linkedin.com/company/unnati-advertising-&-media-solution-agency,kanpur,unnati advertising & media solution agency,uttar pradesh,1-10,unnati-advertising-media-solution-agency.business.site
india,2023,oaIFvBX83rUeMVj9QIuBdwHoxkpv,marketing and advertising,linkedin.com/company/swipte-right,vishākhapatnam,swiperight.,andhra pradesh,1-10,swipte-right.com
india,2003,b3b4JTo84U0lXgjoO5wCuwRp33Md,marketing and advertising,linkedin.com/company/tropics-advertising,new delhi,tropics advertising,delhi,11-50,tropicsadvertising.com
india,2021,8ib2R3ZqDcNBOEjmmUNciw9dGH71,marketing and advertising,linkedin.com/company/digital-work-hut,gurgaon,digital work hut,haryana,1-10,digitalworkhut.com
india,2009,lpsMXVasPJnsQshW5oJgUw8EKyuz,marketing and advertising,linkedin.com/company/solus-media-entertainment-pvt-ltd,,solus media entertainment pvt ltd,,11-50,solusmedia.in
india,,3Xa0SJfq78BslfGZozMP6QBJdOY3,marketing and advertising,linkedin.com/company/growth-atlass,bangalore,growth atlass,karnataka,1-10,growthatlas.net
india,2004,Emi4gKlfmUKINVHuOy1UhgBmzcNg,marketing and advertising,linkedin.com/company/epic-slope-partners,bangalore,epic slope partners,karnataka,1-10,epicslope.partners
india,2018,PW1SvQBSxFVA9SuRgySXfA3vB3ax,marketing and advertising,linkedin.com/company/digicanvasmedia,srī rāma rangāpuram,digi canvas media,karnataka,11-50,digicanvasmedia.com
india,2012,3VRGzCx8R5SRTigRQh2qSwIvJbt2,marketing and advertising,linkedin.com/company/pinnacle-corporate-gifting,delhi,pinnacle corporate gifting,delhi,11-50,
india,2020,t75qv4RwsQh8L6oBGdxIrgnlj3Kj,marketing and advertising,linkedin.com/company/admafia,hyderābād,admafia,telangana,1-10,admafia.net
india,,gwSlYwmnx33BC533ryFnnQ7BrTyp,marketing and advertising,linkedin.com/company/anand-engineering-store---india,erode,anand engineering store - india,tamil nadu,1-10,anandengineeringstore.com
india,2019,M13mNkMCsloBbcGltTl8Mwo3cj8N,marketing and advertising,linkedin.com/company/web-strataegic,ahmedabad,web strataegic,gujarat,1-10,webstrataegic.com
india,2021,oY7o1tpTgC5mf3eHahSDBgXVEvsI,marketing and advertising,linkedin.com/company/clanlabsdigital,puthukudi 3rd mile,clan labs,tamil nadu,1-10,clanlabs.in
india,2020,HO8bbnAXFBHjdNtF8pbzjgYUGUbW,marketing and advertising,linkedin.com/company/domo-digital,gautam,domo digital,uttar pradesh,1-10,instagram.com/domo.digi
india,2017,e3nLTOxmUO9xffeNYhXFCgIFkz9o,marketing and advertising,linkedin.com/company/rctpl,,readcolors technologies private limited,delhi,11-50,
india,,jqwje8zRPoVCJPbN5pLdIApH1UEo,marketing and advertising,linkedin.com/company/alpha-business-consultancy,chennai,alpha business consultancy,tamil nadu,1-10,
india,2017,AndfKFBQnetGN1OJQOOmHgUPyGqu,marketing and advertising,linkedin.com/company/cyberware-corporations,jalandhar,enfnety,punjab,11-50,enfnety.com
india,,aCrKDPXbk6BdadxcH2X5cgSNifeE,marketing and advertising,linkedin.com/company/design-bazaar-in,noida,design bazaar,uttar pradesh,1-10,designbazaar.in
india,2012,q2WGwuJk2N8vqaPI6lPZAA1mhLvR,marketing and advertising,linkedin.com/company/patiala-helpclub,model town,patiala helpclub,punjab,1-10,patialahelpclub.com
india,1999,rRQv0zW6fQCOyzXcgRINKgnRdlbc,marketing and advertising,linkedin.com/company/pp-merchandising-services,chennai,ppms field marketing pvt. ltd.,tamil nadu,10001+,ppms.in
india,2023,mlF3vQF2nljJSr83j2IsTgugFyfc,marketing and advertising,linkedin.com/company/digitall-uae,mumbai,digitall,maharashtra,1-10,digitall.ae
india,2011,pMtorBYUuMb4rPnwtcfwXwKfcwm0,marketing and advertising,linkedin.com/company/xtremeux,ahmedabad,xtremeux digital,gujarat,11-50,xtremeux.com
india,,iAt1ZwltFqJA0uCDzAGPOwoadLzG,marketing and advertising,linkedin.com/company/amethyst-advertising-agency,mumbai,amethyst advertising agency,maharashtra,11-50,
india,2017,fBytF5dmqFkCLt007GpiCwAfvbBs,marketing and advertising,linkedin.com/company/adavenue,gurgaon,adavenue,haryana,1-10,
india,,vyrIszhfIz90SdJhgpHCCgPlIAeu,marketing and advertising,linkedin.com/company/ambermediaindia,pune,amber media,maharashtra,1-10,
india,2019,MRhXeVdFSGjkxeLB3BgQSgKGbbsB,marketing and advertising,linkedin.com/company/pivotm,bangalore,pivotm,karnataka,1-10,pivotm.com
india,,0q2ibJDrAHPxOSLwBHGAUQOfBIdR,marketing and advertising,linkedin.com/company/askjitendrakumar.com,muzaffarnagar,askjitendrakumar.com,uttar pradesh,1-10,askjitendrakumar.com
india,,6qsg0pJeLdupRO5uVWjrPAyndG2k,marketing and advertising,linkedin.com/company/international-courier-&-logistics,bāgha purāna,international courier & logistics,punjab,1-10,international-courier-logistics.business.site
india,2022,b6DL4Sfu0C52kfAmtzr2BwSGArYF,marketing and advertising,linkedin.com/company/facelookads,coimbatore,facelook ads,tamil nadu,11-50,
india,,QxNOD4j7PhphF1ftPQTwmQJrI3HG,marketing and advertising,linkedin.com/company/sarv-digital,aurangābād,sarv digital,maharashtra,1-10,sarvdigital.in
india,,6vPtgbjjrJFkGvSUp3qFzAiJx5HV,marketing and advertising,linkedin.com/company/creative-agency-london,ban sarkāri,house of brands - creative agency,punjab,11-50,
india,2018,HPLStBm6bzRPrWzUrOdLsQysdbys,marketing and advertising,linkedin.com/company/dream-projects-network,south delhi campus,dream projects network,delhi,1-10,dreamprojectsnetwork.com
india,,mCuhIOanOoc4hXDWuGh3kAx3XyOZ,marketing and advertising,linkedin.com/company/tvtailtech,chennai,tv tail technologies private limited,tamil nadu,11-50,tvtail.com
india,2015,VDu1lFh9Pl2dCPy9sFXoVgz9UOFZ,marketing and advertising,linkedin.com/company/bizbrand-solutions-pvt-ltd,hyderābād,biz brand solutions pvt. ltd,telangana,11-50,bizbrandsolutions.com
india,,FeR9DBrzdbgPJEQmruDbXAQlcoFS,marketing and advertising,linkedin.com/company/feed-your-funnel,pune,feed your funnel,maharashtra,1-10,feed-your-funnel.com
india,2019,fKrjbMioEEbxSBYP1BvkRAsFiuCQ,marketing and advertising,linkedin.com/company/ad-vantageadvertising,kochi,ad-vantage advertising,kerala,11-50,ad-vantage.net
india,,lXIi0KiUXLBSc8vqXQ9hNAWBEK3Q,marketing and advertising,linkedin.com/company/digitaldiscovers,alwaye,digital discovers,kerala,1-10,digitaldiscovers.com
india,2021,7AUDIewuboKSVMB65iMzmgrePCfj,marketing and advertising,linkedin.com/company/mediazaadey-entertainment,mumbai,mediazaadey entertainment,maharashtra,1-10,
india,2021,s9OE092eAOYNkNtyOau2mwEWIYJg,marketing and advertising,linkedin.com/company/avconsulity,unnāo,av consulity,uttar pradesh,11-50,avconsulity.com
india,,5kyRAL7JNze2JTVT1cTuXQtShCUS,marketing and advertising,linkedin.com/company/social-sphere-agency,alwar,social sphere marketing agency,rajasthan,1-10,
india,2024,UwkHS5ftoN5pZCBXetUs2A1WpDl4,marketing and advertising,linkedin.com/company/lets-expandind,new delhi,lets expand,delhi,1-10,letsexpand.today
india,2019,v3ELgDwb6zlJVnyDRwFApw5QBhGp,marketing and advertising,linkedin.com/company/social-today,,social today,delhi,1-10,socialtoday.in
india,,occJkluvco3oNZoMEO0cEwtoHnbZ,marketing and advertising,linkedin.com/company/infinity-creative-solutions3299,tilak nagar,infinity creative solutions,delhi,1-10,
india,2021,U2xYfIO1aqIKU21ItNvQgw2i9jz6,marketing and advertising,linkedin.com/company/esya-graphic-design-and-social-media-agency,pune,esya graphic design and social media agency,maharashtra,1-10,esyadesignstudio.com
india,2017,vV6BQOafuSlCH4fgmc5OxQnnve0w,marketing and advertising,linkedin.com/company/thesocialocean,pune,the social ocean,maharashtra,1-10,thesocialocean.com
india,2018,3bjUGm9oMff5s2etDh09xQAJiDC3,marketing and advertising,linkedin.com/company/vyushticreations,pune,vyushti creations,maharashtra,1-10,vyushticreations.com
india,2022,KJOCyJXKRD4wdlNptsCJkwrPvOdb,marketing and advertising,linkedin.com/company/ither,new delhi,ither,delhi,1-10,
india,2017,qzfLfI1klIWaLXJGSi39dQ1W6dS1,marketing and advertising,linkedin.com/company/indianwebworks-digital-marketing,hyderābād,indian webworks,telangana,11-50,indianwebworks.com
india,2022,YnUBWEcRBaE9z4wiXRpJdgqiBRY4,marketing and advertising,linkedin.com/company/leadx-ads-branding-and-evevnts,malappuram,"leadex ads, branding and events",kerala,1-10,leadexads.com
india,2020,9RjYbl3HSnE75jMmXhW3Rw0TAAtb,marketing and advertising,linkedin.com/company/adloopy-media,,adloopy media,telangana,1-10,adloopy.com
india,,cRhhgmFLZR11FzPldAFnsQiVwApB,marketing and advertising,linkedin.com/company/reality-solution-india,ahmedabad,reality system and solution,gujarat,1-10,
india,,IhAmP3zRHfcWcU5wvMeDLgUbozsJ,marketing and advertising,linkedin.com/company/appcare-solutions,kandivali west,appcare solutions,maharashtra,51-200,appcaresolutions.com
india,2020,ndLwVDNDsYhTV7fndYvtsAZ3rMCo,marketing and advertising,linkedin.com/company/upthinkbox,pune,upthinkbox,maharashtra,11-50,upthinkbox.com
india,2016,Pbkdl8Y2OwBvriEoC9UQVwO4pqok,marketing and advertising,linkedin.com/company/prosign-technologies,pune,prosign global,maharashtra,1-10,
india,2015,BmhhCnVKU6jIIXCt0zTiMwyaVFAx,marketing and advertising,linkedin.com/company/yaap-digital,mumbai,yaap,maharashtra,51-200,yaap.in
india,1991,Zvr3QR4lOoCz5hf2PBsOZQ9mxjTa,marketing and advertising,linkedin.com/company/groupwelkin,hyderābād,maple,telangana,51-200,maple.co.in
india,2023,BCHLHp1IbcmzDJsM7mIDJQUgMiPG,marketing and advertising,linkedin.com/company/deeprikh-ai,yelahanka,deeprikh,karnataka,1-10,
india,2014,ZHnc9dByXR0uB9Mp3EsUHQh3Q2Df,marketing and advertising,linkedin.com/company/creative-54-events-and-advertisement,haryāna,creative 54 events and advertisement,haryana,501-1000,creative54.com
india,,yKtCRwepRUG0yiyJhq180AUN4cfP,marketing and advertising,linkedin.com/company/digital-ashvi,sūrat,digital ashvi,gujarat,1-10,digitalashvi.com
india,,9rVr5fkKOEJ7UkSOYyO1EAWcxvuO,marketing and advertising,linkedin.com/company/talsdo-media,pune,talsdo media,maharashtra,11-50,
india,2022,fCVa1HcIWkY5h0aVQW17NgRCyhkX,marketing and advertising,linkedin.com/company/adzyro,noida sector 41,adzyro,uttar pradesh,11-50,adzyro.com
india,,rNx580fHINp5lApViTjqYQK2pSUc,marketing and advertising,linkedin.com/company/retentii,mumbai,retentii,maharashtra,1-10,retentii.com
india,,9gExVd5ysmpCCQFQAzpMCQQsosAQ,marketing and advertising,linkedin.com/company/heights-of-social,new delhi,heights of social,delhi,11-50,
india,2012,RqCId9atdpb2iCrN1zkz3QGL5WYp,marketing and advertising,linkedin.com/company/focusorganisation,coimbatore,focus organisation,tamil nadu,201-500,thefocusorganisation.com
india,2016,1921R9qFJRfWDip9mwfFhgq0dOMt,marketing and advertising,linkedin.com/company/digitivakolkata,mallick pratap,digitiva,west bengal,11-50,digitiva.in.net
india,2021,sCWmYzHhuKuvreoaJG6yCAMtXUg1,marketing and advertising,linkedin.com/company/vizackenterprises,gwalior,vizack enterprises,madhya pradesh,11-50,vizackenterprises.com
india,2019,LWoxG0IE60oWoBCdKraiqgsRFlwy,marketing and advertising,linkedin.com/company/exprodigital,sahāranpur,exprodigital✔,uttar pradesh,1-10,exprodigital.com
india,2020,djTV3UGMmZ8DG1j0pGE6UQQU7YGr,marketing and advertising,linkedin.com/company/skshopi-com,tamilnadu cements alangulam,kliker,tamil nadu,1-10,kliker.in
india,,qGA2JvPxKiwmBjYK3gVr5gbehJUJ,marketing and advertising,linkedin.com/company/themixture,new delhi,mixture,delhi,1-10,themixture.in
india,1959,6TG1jk8MPNA9zAXiTDwB5gWi03yt,marketing and advertising,linkedin.com/company/site-n-sign,mumbai,site-n-sign,maharashtra,11-50,
india,2023,B2Yhm4foXxxOSBBorZPDig4sMLFo,marketing and advertising,linkedin.com/company/vortex-digital-marketing,udaipur,vortex digital,rajasthan,1-10,vortex-digital.tech
india,2021,JUcp0W2SJoda8Bv7ByFM9QsHBz4S,marketing and advertising,linkedin.com/company/zetaconsulting01,pune,zeta consulting,maharashtra,11-50,zetaconsulting.in
india,2019,UCYT7pC4QkXHSF2SC7eCBAsNtn8u,marketing and advertising,linkedin.com/company/click-world-pvt-ltd,pune,click world llp,maharashtra,11-50,clickworldmarket.com
india,,zVUIrFC04WoFLL7Y1x7QIAnwrhm1,marketing and advertising,linkedin.com/company/maxim-the-marketing-association-of-ximb,bhubaneshwar,maxim - the marketing association of ximb,odisha,11-50,maximmarketingblog.wordpress.com
india,2023,YXaSq6H2svinBrzM4L6kzg7gTy21,marketing and advertising,linkedin.com/company/amscybermedia,hyderābād,amscybermedia,telangana,1-10,
india,2024,c12AGUrFYPbymcYnXhIsRwP1XHV5,marketing and advertising,linkedin.com/company/elevate-aagency,mumbai,elevate aagency,maharashtra,1-10,elevateaagency.com
india,2023,IG1BE0l4eBEa9ZK22XsSZgaqtXwP,marketing and advertising,linkedin.com/company/uniquewebdesigners1,jaipur,unique web designers,rajasthan,1-10,uniquewebdesigners.in
india,,xPkYCeqLBjuWgsYUn5NKdAMfHs43,marketing and advertising,linkedin.com/company/techdatamedia,pune,techdatamedia,maharashtra,11-50,
india,,AZCgAoCY0vvUfNFWMMGxngUBXP4p,marketing and advertising,linkedin.com/company/sapientrics,ghāziābād,jingbang,uttar pradesh,1-10,
india,2020,B6oCs6Q3s4Cx2x3I0yBUSwUnsU74,marketing and advertising,linkedin.com/company/officialbsgroup,viman nagar,bs group,maharashtra,51-200,bscompany.co.in
india,2004,YtWapRRtOt3GnlprgUlesQuNpa5w,marketing and advertising,linkedin.com/company/sangrart,industrial area,sangrart,punjab,1-10,sangrart.com
india,2021,WTTihq1xG1Dbmy5bPh379AO3NH3M,marketing and advertising,linkedin.com/company/finnet-media,mumbai,finnet media,maharashtra,11-50,finnetmedia.com
india,2021,G2QomVNFZCA4sGT1IGjikwaGDzjp,marketing and advertising,linkedin.com/company/marketing-magnus,lucknow,magnus,uttar pradesh,201-500,marketingmagnus.in
india,,iWIzMJgO6mlR5FSW2tdfVw9EvkEs,marketing and advertising,linkedin.com/company/vp-digital-marketing-services,maharashtra,vp digital marketing services,maharashtra,1-10,
india,2019,Jc2NVEmFvBk2KhI78poohQUpIx6O,marketing and advertising,linkedin.com/company/mtalkies-urdigitalguru,pune,mtalkies,maharashtra,51-200,mtalkies.com
india,,BzUBugEfNHZbl5ETPfIoBwjCU27p,marketing and advertising,linkedin.com/company/eenadu-western-region,mumbai,eenadu western region,maharashtra,11-50,
india,,8EBPDvXqjDllabLk6R19QQDoKSdD,marketing and advertising,linkedin.com/company/jagadesh-digital-marketer,kurnool,jagadesh digital marketer,andhra pradesh,1-10,jagadesh-digital-marketer.business.site
india,2023,ODFIb6VjFTG7xLAO80Bn7AoVuiC4,marketing and advertising,linkedin.com/company/othertrack,bangalore,othertrack,karnataka,1-10,othertrack.in
india,,t5uCaMKk472VZuGyyjFEHQ4uvnhq,marketing and advertising,linkedin.com/company/avior-solutions,hyderābād,avior solutions,telangana,1-10,avior-solutions.com
india,2020,tQRBDpfWdD3gNPqj2wc9lAtGaO10,marketing and advertising,linkedin.com/company/gimaartstech,haridwār,gima arts tech,uttarakhand,1-10,
india,2013,WBKQfvx48Y8rt7HGGPzBUAFjkART,marketing and advertising,linkedin.com/company/airwaves-designo-expo,andheri east,airwaves designo & expo,maharashtra,1-10,airwavesdesigno.com
india,2023,5oK3QGjlASHEgnyugUC2BAj6LjPH,marketing and advertising,linkedin.com/company/impact-solutions1,panchkula,impact solutions,haryana,1-10,impactsolutionspkl.in
india,2023,COJ4iZtKmHYZbnYQvGVgow8O3tEH,marketing and advertising,linkedin.com/company/balanced-mondays-media,new delhi,balanced mondays media,delhi,1-10,balancedmondays.media
india,,7dnSgThaRXVDBzf1UbtudghVm31d,marketing and advertising,linkedin.com/company/va-suite,kolkāta,va suite,west bengal,1-10,vasuite.com
india,2017,MeDlp8cnZtlELLZgJBdxFg0rZlwJ,marketing and advertising,linkedin.com/company/surat-jugaad,sūrat,surat jugaad,gujarat,1-10,suratjugaad.business.site
india,2019,nvRqyP4NYq8QTxpM3zUTfwPV7wMe,marketing and advertising,linkedin.com/company/digital-suvidha,delhi,digital suvidha,delhi,11-50,digitalsuvidha.com
india,2021,ddcTYVNj9XBP6TKFi3CQlgWKRAdW,marketing and advertising,linkedin.com/company/btlgrowth-marketer,andheri east,growth marketers,maharashtra,11-50,
india,2021,yqVuEZLVpAxjnRvKmLkXQAIr4W6K,marketing and advertising,linkedin.com/company/coldmail,new delhi,coldmails,delhi,1-10,coldmail.co.in
india,2018,Z1zoKdeIi4CgvFh7QUBMRAzZiwS2,marketing and advertising,linkedin.com/company/digital-marketing-company-ranktech-solutions,pune,ranktech solutions,maharashtra,1-10,ranktech.co.in
india,,2KCMCSZaSZpUfF3tax5KJAjacBJk,marketing and advertising,linkedin.com/company/marketingandyouu,mumbai,marketing & you,maharashtra,1-10,marketingandyou.in
india,2022,Ct99GegIvF2mQ71l8yG5hwlocCXr,marketing and advertising,linkedin.com/company/letsupgradedigitally,amritsar,lets upgrade digitally,punjab,11-50,letsupgradedigitally.com
india,2023,gB6eqYA0mSGZX5U3bVv72QTNJ7ui,marketing and advertising,linkedin.com/company/nova-studios-hq,hyderābād,nova studios hq,telangana,11-50,novastudioshq.com
india,2017,VQ12jTgzHLBOCeD2PDAKVAzp722Y,marketing and advertising,linkedin.com/company/prakash-advertising-media,rānchi,prakash advertising & media,jharkhand,1-10,prakashadvertisingmedia.com
india,,0XUGNqLANtiLnzrEWFl6lQoS6oAJ,marketing and advertising,linkedin.com/company/simple-solutons-india,,simple solutons india,,1-10,simplesolutionsindia.com
india,2021,bVECL9pPnsGBYVKoIlAcvwRJuSxs,marketing and advertising,linkedin.com/company/sarvam-digital-marketing,pune,sarvam digital marketing services,maharashtra,1-10,sarvamdigitech.com
india,2016,zzd1P63LYo9QslBvyfWB0QodnCLG,marketing and advertising,linkedin.com/company/yesxtra,chennai,yesxtra technologies,tamil nadu,11-50,yesxtra.com
india,2017,ywAYLsWnObIbWVLTC0cJpQTpYahF,marketing and advertising,linkedin.com/company/cactii-digital,shillong,creonative media pvt ltd,meghalaya,1-10,cactiidigital.com
india,2003,NdzqaymsoLPahv8oZeAnog3WSTGP,marketing and advertising,linkedin.com/company/smdigitalmarketingservice,trichūr,sm digital marketing,kerala,1-10,
india,2022,EHGqOSLsvUexZ9mQ0MUbXAXIIbFK,marketing and advertising,linkedin.com/company/thedigigraph,gurugram,the digigraph,haryana,1-10,thedigigraph.com
india,2005,otsavWkc2DvrbPqAgkFmzgpDtl3k,marketing and advertising,linkedin.com/company/theshyamart,rājkot,creatofox communication pvt. ltd,gujarat,201-500,shyamart.in
india,,BuujQodkhXXNdF9SpXpMNgohLZfd,marketing and advertising,linkedin.com/company/ask4dm,new delhi,ask4dm,delhi,1-10,ask4dm.com
india,2018,AevsLDISjva5BmOeZMdPRAlluNP2,marketing and advertising,linkedin.com/company/blue-bird-mediasolutionss,noida,blue bird media,uttar pradesh,11-50,bluebirdmedia.co.in
india,2023,BE39FctyEsEMRy7VjtDnxwRIOOUr,marketing and advertising,linkedin.com/company/shebuzz-in,cannanore,she buzz,kerala,51-200,
india,,qVBsQRWt3RxGrBGbvaudZQLGWd2q,marketing and advertising,linkedin.com/company/socialwyz,new delhi,"socialwyz | connecting brands, crafting success stories",delhi,11-50,socialwyz.com
india,2021,Bd3LNJYUmBwrb1hPVe0HxAaRipkf,marketing and advertising,linkedin.com/company/marketing-ninja-letsgrowtogether,,marketing ninja,delhi,1-10,manansethi27.wixsite.com/website
india,2022,k6Pe0H9tBUIy0gxB2pZgIwKZqf0d,marketing and advertising,linkedin.com/company/go-upgrade,delhi,go upgrade,delhi,11-50,goupgrade.in
india,2020,bdjnHi2cxrqqSrQpYmuE1wHdPkKP,marketing and advertising,linkedin.com/company/markital-in,rānchi,the rex marketing,jharkhand,1-10,markital.in
india,,Tz56PrUG9shxAfvrim8beQj6BKLv,marketing and advertising,linkedin.com/company/center-for-business-intelligence-&-analytics-c-bia-,pune,center for business intelligence & analytics (c-bia),maharashtra,1-10,c-bia.com
india,2017,eWLEodxKk0qC3TNtmKUqeQe4UE0i,marketing and advertising,linkedin.com/company/tacsyindia,jaipur,tacsy india,rajasthan,1-10,prosetindia.com
india,2011,iaHBdWz3IqkNuzbIrLYJ9wjLLE6F,marketing and advertising,linkedin.com/company/paradigm-business-consulting,dharwad kalyan nagar,paradigm business consulting,karnataka,11-50,paradigm-businessconsulting.com
india,2018,PfLKtcVhqzTCOCcWnlOQTQxL7n93,marketing and advertising,linkedin.com/company/the-clever-space,pune,the clever space,maharashtra,1-10,thecleverspace.com
india,2010,4z51If7xWpLbti59STPXSwzr7VKv,marketing and advertising,linkedin.com/company/advise-advertising,kolkāta,advise advertising & media private limited,west bengal,11-50,advisegroup.in
india,1975,QpKcBZMMmMRlTGNErbB6sAyFGrmf,marketing and advertising,linkedin.com/company/ramads,sector 22,ram advertising ltd.,chandigarh,11-50,
india,2022,5v9yhBtCNAnTW8ejrFPYXQVWQ3DN,marketing and advertising,linkedin.com/company/digitalcrew25,bangalore,digital crew,karnataka,11-50,digitalcrewindia.com
india,2022,l9L9yNLS5aXkCx0CFZ1Rkg89YZx1,marketing and advertising,linkedin.com/company/brughu-digital-services-llp,hyderābād,brughu digital services llp,telangana,1-10,brughudigitalservices.com
india,2010,46VdGnS6H4O1bWCqjkrsXA5MIyOY,marketing and advertising,linkedin.com/company/b-n-y-technologies,chennai,b&y technologies,tamil nadu,11-50,bnytechnologies.com
india,2017,ucs6wsShBXkCYB9zZ8Me3gcsOdV9,marketing and advertising,linkedin.com/company/sellcentral,sūrat,sellcentral,gujarat,501-1000,
india,2020,4OYGGCk79Q1sXSQaCnTPywHKyFPg,marketing and advertising,linkedin.com/company/freeble-site,bangalore,freeble - free online tools,karnataka,1-10,freeble.in
india,2018,3iwTntPLgpO5dESBSeLJsg7qDE4D,marketing and advertising,linkedin.com/company/web-dynoz,kolkāta,web dynoz,west bengal,11-50,webdynoz.com
india,,Cb5IvnWhRqwzGU3hdBCeGw4uq6IZ,marketing and advertising,linkedin.com/company/offersinfinitepage,noida,offers infinite,uttar pradesh,1-10,
india,2020,blxJouC9l3v5P4iwd2sb7AbD0bCr,marketing and advertising,linkedin.com/company/tape-recorder,delhi,the tape recorder,delhi,11-50,thetaperecorder.in
india,2017,UPHASsUTzVABlixTblNVhwSq8U1K,marketing and advertising,linkedin.com/company/checkboxmarketing,hyderābād,checkbox,telangana,11-50,checkbox.co.in
india,2012,hQu2CGrdIUD2giLXeUgsWwufhNTf,marketing and advertising,linkedin.com/company/camasmedia,new delhi,camas media,delhi,11-50,camasmedia.com
india,2020,6LFKFeySgYRR90EJ5MJtUAkPCPwF,marketing and advertising,linkedin.com/company/digital-lana,navi mumbai,digital lana,maharashtra,1-10,digitallana.com
india,2019,tN5DIyTcCa8A6S4BfjbOIg08H9NG,marketing and advertising,linkedin.com/company/bayofmarketer,new delhi,bay of marketer,delhi,1-10,bayofmarketer.com
india,,C36SQ9BIhEZxHwcLJEur5QPqeoHl,marketing and advertising,linkedin.com/company/leadzippo,chennai,leadzippo,tamil nadu,1-10,leadzippo.com
india,2020,KMhhE6JduRV8AFb0br5boQbg5su2,marketing and advertising,linkedin.com/company/thehypemakers,lucknow,the viral ideas,uttar pradesh,1-10,theviralideas.com
india,,tPDLA52qscOFpbRBKqLwqg7aEJ7V,marketing and advertising,linkedin.com/company/petfair,porur,petfair,tamil nadu,1-10,petfair.in
india,2020,RgmpI9NBi76IuhSo5COkMgAKXIcs,marketing and advertising,linkedin.com/company/themarkace,sector-46,markace,haryana,1-10,themarkace.com
india,2019,vHxHlL5hX14xnBxWlDZ3TgXWaEwV,marketing and advertising,linkedin.com/company/bringbrandon,ludhiāna,bringbrandon,punjab,1-10,bringbrandon.com
india,,9wznTheIBc37V4jl22ICqwb0Qy7D,marketing and advertising,linkedin.com/company/ad-rebody,noida,ad.rebody,uttar pradesh,1-10,
india,,wnTLlCUwxBymo2iB4Vco8Aak1KPP,marketing and advertising,linkedin.com/company/amipolymer,mumbai,ami polymer pvt. ltd.,maharashtra,201-500,
india,,Qo8KJlMndUStgD5jFCC2dAmVQDVU,marketing and advertising,linkedin.com/company/gigahealth,andheri east,giga health,maharashtra,11-50,gigahealth.asia
india,2021,MlbFpFd7q8QNoMboICveAQXSWT5D,marketing and advertising,linkedin.com/company/your-digital-brew,hosūr,your digital brew,tamil nadu,1-10,yourdigitalbrew.com
india,2015,R3kPsU6VckM5KZY5EYY5IQDZBfXO,marketing and advertising,linkedin.com/company/hush-gloss,mumbai,hush gloss,maharashtra,1-10,
india,,B6WUP5QgqFK25B09uXZJhg6xRSHw,marketing and advertising,linkedin.com/company/digital-marketing76721,sinhgad technical education society,digital bharat,maharashtra,1-10,
india,2021,zCR4LQj3qYe5mEK6PbFLXgENUJ35,marketing and advertising,linkedin.com/company/more-growth-solution,pune,more growth solution,maharashtra,11-50,moregrowthsolution.com
india,2016,NKUD0a5UpCTXUc0oTV8H3wxsqRdL,marketing and advertising,linkedin.com/company/adsoctagon,gurgaon,adsoctagon,haryana,1-10,adsoctagon.com
india,2020,8mA2p3TMW0KOgXCxlFcjdwxvy1NG,marketing and advertising,linkedin.com/company/rdmn-social,delhi,rdmn social,delhi,1-10,rdmnsocial.com
india,,CFYwWcJTrtH60MreJAHbigMKmI9N,marketing and advertising,linkedin.com/company/mrkupdigital,hyderābād,mrkupdigital,telangana,11-50,
india,2020,IX2UX457AlbLABgFq1E9pQXbWToR,marketing and advertising,linkedin.com/company/s-e-w-a-digtally-pvt-ltd,chennai,s.e.w.a digitally pvt. ltd.,tamil nadu,11-50,sewadigitally.com
india,2023,gQ7uzTViaSpiSF3DbysgBA3cJczG,marketing and advertising,linkedin.com/company/hwkmedia,bangalore,hwk media,karnataka,1-10,hwkmedia.com
india,1986,9tX21NXnb2SKwh3sCOxWOwmVy7ct,marketing and advertising,linkedin.com/company/varsha-brandwave-private-limited,bajaj nagar midc waluj,varsha brandwave private limited,maharashtra,11-50,varshabrandwave.com
india,,y3fggcKA4BOghpIeMUC6EAFhlFgy,marketing and advertising,linkedin.com/company/minttalent,noida sector 27,minttalent,uttar pradesh,1-10,
india,2016,Jov0gEFdUshSgxFg9LndCAVesaXt,marketing and advertising,linkedin.com/company/management-initiatives,bangalore,mi7.india,karnataka,11-50,
india,2006,FE96fPtmh6sGksDpAspSKwBesXX8,marketing and advertising,linkedin.com/company/shreyanshinnovations,kolkāta,shreyansh innovations pvt. ltd.,west bengal,51-200,shreyansh.in
india,2019,6LaM8aXB0jhuzN2V4wz6igMxYXon,marketing and advertising,linkedin.com/company/awego,new delhi,awego - ahead we go,delhi,1-10,awego.in
india,2001,3BnSdPd219BwqGWQPCnlBA7jU09T,marketing and advertising,linkedin.com/company/promodome-communications,new delhi,promodome communications,delhi,51-200,
india,,6MEsIFvFzpNujFiFaJFYowzQCAqm,marketing and advertising,linkedin.com/company/charson-advisory-services-pvt-ltd,mumbai,charson advisory services pvt. ltd,maharashtra,1-10,charsonadvisory.com
india,2020,PerfcBdWyKXGRMRowkwV3wbwJ2wd,marketing and advertising,linkedin.com/company/akshprat-digital-marketing-solutions,pune,akshprat digital,maharashtra,1-10,
india,,S0xTxx93bgDvcj87BBQBqQYwIE67,marketing and advertising,linkedin.com/company/rama-offset,kolkāta,rama offset,west bengal,11-50,
india,2012,QYC7t8aMsibmGLirx2u6DgpsRhC5,marketing and advertising,linkedin.com/company/mobeology,new delhi,mobeology communications pvt. ltd.,delhi,11-50,mobeology.com
india,2018,Newoa6wR4KpWNsg1awi0dATuMH9M,marketing and advertising,linkedin.com/company/hm-beverages,,hm enterprises,delhi,51-200,hmbeverages.com
india,2017,aIojUT8z9jX5oCtGAnleIArBU1Qg,marketing and advertising,linkedin.com/company/felishamedia,mumbai,felisha media,maharashtra,1-10,felishamedia.com
india,2021,P88ok0MqkfdzSoERcYXAmgzUIntM,marketing and advertising,linkedin.com/company/shap-digital,new delhi,shap digital,delhi,1-10,
india,2014,ZiE1D1d3j3eSnqvcJIZD5wecpzUg,marketing and advertising,linkedin.com/company/seomarketdotcodotin,lucknow,seomarket.co.in,uttar pradesh,11-50,sarvotarzan.com
india,,olM8WfGFM5PIHBNQopfsDgUF5rxz,marketing and advertising,linkedin.com/company/moons-global-marketing,noida sector 27,moons global marketing,uttar pradesh,1-10,moonsglobal.com
india,,ONgJnbxiZ6qNhwsYszGyTQKDhUiM,marketing and advertising,linkedin.com/company/bhagwati-generator---india,ahmedabad,bhagwati generator - india,gujarat,1-10,bhagwatigenerator.com
india,2020,mMEXVMtc2LJTDWYQiYYKCwTS1lTS,marketing and advertising,linkedin.com/company/thrivedigitalspace,sūrat,thrive digital space,gujarat,1-10,thrivedigitalspace.com
india,2014,KofIMYWbvwU1hdjzBolGAAPiPLBG,marketing and advertising,linkedin.com/company/coupsteer,indore ddu nagar,coupsteer,madhya pradesh,11-50,coupsteer.com
india,2022,qH9GZjBrPLRWBosVK6iq2AOgscwe,marketing and advertising,linkedin.com/company/cosvalt-media,gurgaon kty.,cosvalt media,haryana,1-10,cosvalt-media.com
india,,4ZRyiVRcjmbG4C3FSoPBgAeb51oE,marketing and advertising,linkedin.com/company/gaur-ads,jewar,gaur ads,uttar pradesh,1-10,gaurads.com
india,,ixXqFcOGVNC3cS4E7smcBAfUzopV,marketing and advertising,linkedin.com/company/words-4web,nashik,words4,maharashtra,1-10,words4web.com
india,2015,P0OF73aAFDaHY1lEi7QycQBc3FZO,marketing and advertising,linkedin.com/company/traffic-jam-communications-pvt.-ltd.,new delhi,traffic jam communications pvt. ltd.,delhi,11-50,traffic-jam.in
india,,XR5b3bUYzBcg8OZSCGAFXAlIJlmv,marketing and advertising,linkedin.com/company/nirvachanguru,jorhāt,nirvachanguru,assam,1-10,nirvachanguru.com
india,2020,6WgCU2NYj6GtaVUSnJBCywCEHxCV,marketing and advertising,linkedin.com/company/digital-anurag,nāgpur,digital anurag,maharashtra,1-10,digitalanuragbidwai.com
india,2023,cRHkLBpyX6m84CC4DYqepwv25bZA,marketing and advertising,linkedin.com/company/catalyft-digital,new delhi,catalyft digital,delhi,1-10,
india,2003,ZjqgQECSNS8C1Ab0MaMPbgobyEAI,marketing and advertising,linkedin.com/company/bk-arts,jaipur,bk arts,rajasthan,1-10,bkarts.in
india,,XmFdTZ48KhaNGu2ZvdfqwAZERJ0n,marketing and advertising,linkedin.com/company/milieutech-digital-marketing-agency,pune,milieutech digital marketing agency,maharashtra,1-10,digimilieutech.com
india,2021,pCot8rbJBXhZtSfPlKrTIw6RdEQx,marketing and advertising,linkedin.com/company/thedigital-world,pune,the digital world,maharashtra,11-50,
india,2016,OFMvYbryEucH8PfB9FCJCgub32rC,marketing and advertising,linkedin.com/company/indiapublicity,safdarjung enclave,india publicity,delhi,11-50,indiapublicity.com
india,,fGAgkPfJd7IBG2ZkIyTV0gVWuAe1,marketing and advertising,linkedin.com/company/shah-publicity---india,sūrat,shah publicity - india,gujarat,1-10,shahpublicity.com
india,1945,b3cTbMvaCTBOEDNFzMoVqAasMVAk,marketing and advertising,linkedin.com/company/selvel-one-group,kolkāta,selvel one group,west bengal,201-500,selvelone.com
india,2017,xWPeG3g7cUzZxmolLriH2AzH3et7,marketing and advertising,linkedin.com/company/fdomart,mangalore,fdomart,karnataka,11-50,fdomart.com
india,2021,T9WohBP6mgXmlRzyfVBkhwWqSAi5,marketing and advertising,linkedin.com/company/classifine,mumbai,classifine,maharashtra,11-50,classifine.in
india,2017,vw1kQwBAao2NQEQbrCAygQGxcKQd,marketing and advertising,linkedin.com/company/co-digital-world,pune,co-digital world,maharashtra,11-50,codigitalworld.com
india,2016,Q2gxn81fVBdf8yj9ecrBowNjAhIh,marketing and advertising,linkedin.com/company/a10-digital-marketing-solutions,bangalore,a10 digital marketing solutions pvt. ltd.,karnataka,1-10,a10digital.com
india,,igFMBpKfBAyM2Rvrcey5GQxjJBqG,marketing and advertising,linkedin.com/company/digicon-marketer,raghunāthpur,digicon marketer,west bengal,11-50,
india,2022,09CfUjViohKQCBW6TpHuJQZGnrjl,marketing and advertising,linkedin.com/company/digital-social-official,bangalore,digital social media,karnataka,1-10,
india,2023,LTSlDoPA0tCxZxzc1U6QoAnREHXx,marketing and advertising,linkedin.com/company/gyanmokshaa,kolkāta,gyanmokshaa,west bengal,1-10,gyanmokshaa.com
india,,ncBhBUSGCocT7C4roXVn0QfP5RaF,marketing and advertising,linkedin.com/company/aagaz-a-digital-marketing-studio,bangalore,aagaaz- a digital marketing studio,karnataka,1-10,aagaaz.co
india,,ATDbArL6gBC3dfjCxDyinQaUebhr,marketing and advertising,linkedin.com/company/aka-techacre,pune,aka techcare,maharashtra,51-200,akatechcare.com
india,2017,zRrVARN66rU76EB3gfMKJA24fz9A,marketing and advertising,linkedin.com/company/the-perfect-marketing,noida,the perfect marketing,uttar pradesh,1-10,theperfectmarketing.com
india,2015,d9riW4ZMzBlTVTkpduQjAQo9A9N9,marketing and advertising,linkedin.com/company/digitizedbrand-hub-india-pvt-ltd-demo-pagee,viman nagar,digitizedbrand hub (india) pvt ltd. demo page,maharashtra,1-10,
india,2016,umIzzKzcTnCXmodRgtodBAqEmzKx,marketing and advertising,linkedin.com/company/the-1k-seo,delhi,purpaldzinz digital marketing agency,delhi,1-10,purpalyndigital.com
india,2020,to3zBhOl9xfHc1URpFp7fwTdoF2g,marketing and advertising,linkedin.com/company/digital-web-hunters,yamunānagar,digital web hunters,haryana,1-10,digitalwebhunters.com
india,2008,SoBMqq1cTNZEi75KfFW0Rgn7zR58,marketing and advertising,linkedin.com/company/aidasinc,nashik,aidasinc,maharashtra,1-10,
india,,PmEIIfrZLTOcJbSMXDUeZwCsXFWb,marketing and advertising,linkedin.com/company/eminence-studio,mumbai,eminence studio,maharashtra,11-50,facebook.com/theeminencestudio
india,2023,GSLEvTt4MLipWm4qXNPoGArUqNsR,marketing and advertising,linkedin.com/company/gupta-digital-marketing-agency,bangalore,gupta digital marketing agency,karnataka,1-10,
india,1996,MwfDiBSlmHAQbjx9MzWisQqWLjqx,marketing and advertising,linkedin.com/company/smartdigitalofficial,coimbatore,smart digital,tamil nadu,501-1000,smartdigital.epizy.com
india,2016,pSpCNN0cyT2dRAi89AVuVQzYdP5O,marketing and advertising,linkedin.com/company/the-mad-scientist,mumbai,the mad scientist,maharashtra,1-10,
india,,peHtSXNiBg2zbAGQG8fuvQwVDnWY,marketing and advertising,linkedin.com/company/atsmedia,alwar,ats media,rajasthan,1-10,atsmedias.com
india,2018,yxv2aVFSUdHHPX3RqRyXFg8mUVWW,marketing and advertising,linkedin.com/company/the-whole-shebang-india,hyderābād,the whole shebang india,telangana,11-50,thewholeshebang.in
india,,AvalVpCLIAbTUbfMncCjNAOg2uHc,marketing and advertising,linkedin.com/company/media-blooming,ahmedabad,media blooming,gujarat,1-10,mediablooming.com
india,2011,8HNZdmWxTjm5YuOTIC7l0gHOrTYP,marketing and advertising,linkedin.com/company/aarshsoftwares,mumbai,aarsh softwares,maharashtra,1-10,aarshsoftwares.in
india,2020,MyCevNe1PLCMW7JGfKzIqgMVFPrR,marketing and advertising,linkedin.com/company/the-creative-panda,hyderābād,tcp studio,telangana,11-50,thecreativepanda.in
india,2019,1V4DXh8cng7XT7C3yOOHLANGI4in,marketing and advertising,linkedin.com/company/unscrap-media,navi mumbai,unscrap media,maharashtra,1-10,instagram.com/unscrapmedia
india,2024,uhJvtEkAzMCkffbeirP97gvzPyoc,marketing and advertising,linkedin.com/company/growth-alchemy,cuddalore,growth alchemy,tamil nadu,1-10,
india,2024,oBTOWBtdCgDM0boHSbAP9gwgHCvF,marketing and advertising,linkedin.com/company/adsgrab,bhubaneshwar,adsgrab,odisha,11-50,adsgrab.com
india,2016,rConEetWrRDZUA6JW1AGwg19I7Wy,marketing and advertising,linkedin.com/company/triveve-media,thiruvananthapuram,triveve media,kerala,1-10,triveve.com
india,2020,FmknftC3ZfVdipF84aTw9QaAL4e8,marketing and advertising,linkedin.com/company/mithilapenting,khajauli,मिथिला पेंटिंग मधुबनी,bihar,1-10,
india,2022,6SQKM9o16hLK9aBqAWuaXwdCQZjj,marketing and advertising,linkedin.com/company/saasy-links,new delhi,saasy links,delhi,1-10,saasylinks.com
india,2020,pkameZESWUtop2HIIzVNHgthuiVQ,marketing and advertising,linkedin.com/company/tezzgrowindia,bahādurgarh,tezz grow india,haryana,1-10,tezzgrow.in
india,2020,vprPHYpM6lYSZEMECb187A3vqOfm,marketing and advertising,linkedin.com/company/hypupad,puthukudi 3rd mile,hypupad,tamil nadu,1-10,hypupad.com
india,,kB3yGMaJ0tCldayy1X9Sngo2ld81,marketing and advertising,linkedin.com/company/media-matrix-worldwide-ltd---india,,media matrix worldwide ltd - india,,1-10,mmwl.net
india,2020,hXpWq37E8SPUtTdfDuxSgQOoYTxQ,marketing and advertising,linkedin.com/company/tech-inno-met,hyderābād,tech inno met,telangana,11-50,
india,2020,tYpqSPqYPeRsQHzxp3vSnwVBCVFL,marketing and advertising,linkedin.com/company/stroke-and-stories,mumbai,stroke and stories,maharashtra,1-10,strokeandstories.com
india,2015,Cs7NrhGzwGN7bLhDgYEsxwi1LEDl,marketing and advertising,linkedin.com/company/eaditi,vadodara,eaditi,gujarat,11-50,eaditi.com
india,2018,wwzmUeW34WKEVCr2LhwzmA934rw3,marketing and advertising,linkedin.com/company/networkex-inc,mumbai,networkex,maharashtra,1-10,networkex.com
india,,Dbqiqd32lvSTC2Cp60jWLQkSZ92W,marketing and advertising,linkedin.com/company/kadri-export-import-company---india,mumbai,kadri export import company - india,maharashtra,1-10,kadriexportimportcompany.com
india,2023,KOKNxMF2lvNvhlJaviLqngMq5aNc,marketing and advertising,linkedin.com/company/parasdigitall,mumbai,parasdigitall,maharashtra,1-10,parasdigitall.com
india,,pHurNpWuflMAnEONZTCbJgFKCJnh,marketing and advertising,linkedin.com/company/digimark-in,delhi,digimark in,delhi,1-10,
india,,VWM8vbil5uljzpUjEOf76gHVDpqU,marketing and advertising,linkedin.com/company/nathsagar-bio-genetics-private-limited,nāsik,nathsagar bio-genetics pvt ltd,maharashtra,11-50,nathsagar.com
india,2017,dUDWDf3Hdh98kFL5loBFAgSJ3t1X,marketing and advertising,linkedin.com/company/error-communication,noida sector 41,error communication,uttar pradesh,1-10,errorcommunication.com
india,2020,0dEoWo1ByOaSbO1Ge7NOgAAE315a,marketing and advertising,linkedin.com/company/digilance-enterprise,thāne,digilance enterprise,maharashtra,1-10,digilanceenterprise.in
india,2020,m9e5PaUyCj1dcempmxgPXgS4XmHw,marketing and advertising,linkedin.com/company/business-groww,jamshedpur,business groww,jharkhand,11-50,businessgroww.com
india,2019,JlKDkRPLGpMPa9yyfvmN5AawjfYp,marketing and advertising,linkedin.com/company/socioberry,netaji nagar,socioberry,delhi,1-10,socioberry.in
india,2019,7TG5gY3mubXN1DB4BI8N4wQQOFr0,marketing and advertising,linkedin.com/company/brand-butter-jam,gurgaon,brand butter jam,haryana,1-10,brandbutterjam.com
india,2019,fjLUGuNgCAMcFyxskf0dKwUd1AS7,marketing and advertising,linkedin.com/company/spectra-digital-marketing-india,haliyāl,spectra digital marketing india,karnataka,1-10,spectradigital.in
india,2016,kYfC3GVa2wdqHzOYGMAprAvuqfIN,marketing and advertising,linkedin.com/company/odigo-digital,vāshi,odigo digital,maharashtra,1-10,odigodigital.com
india,2016,OJWDAOGs5nw0XhYwKlo3swoOcLgl,marketing and advertising,linkedin.com/company/onlinemarketingsolution,qāzī,online marketing solution,uttar pradesh,1-10,digitalsence.com
india,2017,zmUEmSrFoQylxVWbcTDuJgzkp8eo,marketing and advertising,linkedin.com/company/prachaar-vibhaag-india-s-most-affordable-digital-marketing-service,bilāspur,prachaar vibhaag - india's most affordable digital marketing service,chhattisgarh,1-10,prachaarvibhaag.in
india,,2ggvu5J4Rz21wfzVZl6sjQR4wf4u,marketing and advertising,linkedin.com/company/decodegrowth-creativemarketingagency,new delhi,decode growth,delhi,1-10,decodegrowth.in
india,,XLuZnkS4Ugnf1ATpHgA3EgdGNmje,marketing and advertising,linkedin.com/company/dolace-solution,navi mumbai,dolace solutions,maharashtra,11-50,
india,2020,E63FoPSnc5X0LL7zYnFCMAKO1vDr,marketing and advertising,linkedin.com/company/digitalsunshine,tanjore,sunshine digital,tamil nadu,11-50,
india,,z7HBVmBpfXKzQZGSRSBOhwxQ9neA,marketing and advertising,linkedin.com/company/asgv,lucknow,asgv multisolutions private limited,uttar pradesh,1-10,asgvsol.site123.me
india,1985,ZxbKNvGwk34Ujx0nVQuXeQ8Z2PtA,marketing and advertising,linkedin.com/company/led-neon-sign-company,hyderābād,led neon sign company,telangana,51-200,ledneonsigncompany.com
india,2019,CDSaXEPSheNUthpzD2IiBAwSEW1a,marketing and advertising,linkedin.com/company/midasmanagement1,bhopāl,midas management,madhya pradesh,51-200,midasmanagementorg.com
india,2019,BPBoqcicjNG8uklkFgPoogWLBkd4,marketing and advertising,linkedin.com/company/villzartsolutions,,villzart solutions pvt. ltd.,delhi,1-10,villzart.com
india,2018,Dlo3ftiAvEdC1XEsy7BfQQFz9FPh,marketing and advertising,linkedin.com/company/analyzeddigital,mumbai,analyzed digital private limited,maharashtra,1-10,
india,2014,bYCFAuvCFplVhwxMvbCM4QNHHTok,marketing and advertising,linkedin.com/company/redad-communications,goregaon east,redad communications,maharashtra,1-10,redad.in
india,2017,lK0RmY1BQxJgV1SJ3G1n9A1c2PB2,marketing and advertising,linkedin.com/company/cleave-enterprises,ahmedabad,cleave enterprises llp,gujarat,1-10,cleave.co.in
india,,d1PtcaEFoN3NKREsq2Kx0w6OueHP,marketing and advertising,linkedin.com/company/gox-marketing,noida,gox marketing,uttar pradesh,1-10,goxmarketing.com
india,,6jMA67yylJklyU4bDH3LlAYs8lAX,marketing and advertising,linkedin.com/company/colortek_2,,colortek,,1-10,colortek.in
india,2020,W4r1ooDl5HYjBDtvsmDhMwJLNrGl,marketing and advertising,linkedin.com/company/themarcheting,delhi,marcheting,delhi,1-10,themarcheting.com
india,2021,fNWXqQfQhjAF2c0OjPfIywjX3mxu,marketing and advertising,linkedin.com/company/ferly-ads,salem,ferly ads,tamil nadu,1-10,ferlyads.com
india,2019,caUJ187NyBxm2C2AquYCsQUd2Fad,marketing and advertising,linkedin.com/company/probiotic-digital,candolim,probiotic digital,goa,1-10,probioticdigital.com
india,2021,gYFEG0F6qVgddhGmXxiJRQxTLpit,marketing and advertising,linkedin.com/company/dmarketingmantra,nāgpur,marketing mantra,maharashtra,1-10,dmakretingmantra.com
india,1988,M88QyGhl90VaSah2lGJNbgVRoabM,marketing and advertising,linkedin.com/company/hi-zeal,new delhi,hizeal l social media management agency l hizeal.in,delhi,11-50,hizeal.in
india,2020,3LFDTmDQ3aIf2eykCzyPFg0rTgnp,marketing and advertising,linkedin.com/company/developerlane,kolkāta,developer lane,west bengal,1-10,thedeveloperlane.com
india,2018,405TNuq8cD4JLcOTLZ4JTATewgor,marketing and advertising,linkedin.com/company/idigitalp,delhi,idigitalpreneur,delhi,10001+,
india,2005,gXcuk7H6BLbyJkvrdrJAggkgizCs,marketing and advertising,linkedin.com/company/inmass-in,bangalore,interactive marketing solutions,karnataka,201-500,inmass.in
india,2016,74PzmiqQjXmZlTWoowU7Pw19RgmB,marketing and advertising,linkedin.com/company/royale-solutions,kolkāta,royale solutions,west bengal,11-50,
india,2010,KUkaJeBnCgZej0VDlC2TtAhSlvEI,marketing and advertising,linkedin.com/company/om-visions-it-services-private-limited,ghāziābād,om visions it services private limited,uttar pradesh,1-10,omvisions.com
india,2009,5BlSPfXls3S5x3KKCkD6Xwue5wz2,marketing and advertising,linkedin.com/company/crezyn,gurgaon,crezyn,haryana,1-10,crezyn.com
india,,bZsIX7KTZioIfBR5EveOCgh2fhVU,marketing and advertising,linkedin.com/company/the-clicks-magnet,delhi,the clicks magnet,delhi,1-10,theclicksmagnet.com
india,,CcUAZWCBVB44ChlGN7LHlggHZl0e,marketing and advertising,linkedin.com/company/adstronautai,hyderābād,adstronautai,telangana,1-10,adstronaut.net
india,,tjDqAldFvrwc7QFhruZaawHFbxxI,marketing and advertising,linkedin.com/company/custom-digital7,pune,custom digital,maharashtra,11-50,customdigital.in
india,2019,DZfWdnxtQxOvu9XWcfAgHAxStNU7,marketing and advertising,linkedin.com/company/socialgrowinfo,mini sect bhiwani,socialgrow - unified platform to grow online,haryana,1-10,socialgrow.info
india,,EnefBQTq3CrHY3edsV7pFgZ1vxCW,marketing and advertising,linkedin.com/company/virohaa-internet-media,āsansol,virohaa internet media,west bengal,11-50,virohaa.in
india,2022,cbAeEC9p0JDF1RPNC2Bp5AJ6VN3z,marketing and advertising,linkedin.com/company/risomedia,new grain market abohar,risomedia,punjab,1-10,risomedia.com
india,2020,Cj5bQ6d09Y45kbRgBEbijgiOGq1e,marketing and advertising,linkedin.com/company/my-digital-elixir,pune,my digital elixir private limited,maharashtra,51-200,mydigitalelixir.com
india,,VLcSlim4JNaaW02sdarMtwObXh7E,marketing and advertising,linkedin.com/company/parikshit-digital-marketing-consultant,bokaro steel city h.o,parikshit digital marketing consultant,jharkhand,1-10,parikshitkumar.blogspot.in
india,2019,mLJreFbNIsqFhunOCYTjBAMoXaJz,marketing and advertising,linkedin.com/company/feedxmedia,mumbai,feedxmedia,maharashtra,1-10,feedxmedia.com
india,2019,Cd3QeCi1UCtrTTSMiLM5TgvqWcdp,marketing and advertising,linkedin.com/company/thecollabpoint,dehra dūn,the collab point,uttarakhand,1-10,
india,,jZXjK3ma7wVna4euFXGC4go3pHkv,marketing and advertising,linkedin.com/company/rajsons-designs-web-hosting,thermal colony yamuna nagar,rajsons designs web hosting,haryana,1-10,rajsonsdesigns.com
india,2018,AyCUvGB0LkWu6mqrJp2WgAbTPhdD,marketing and advertising,linkedin.com/company/theexperientialhub,gurugram,the experiential hub,haryana,51-200,theexperientialhub.com
india,,2RMnmJyPC6UlBLdaquK6SAAobKJN,marketing and advertising,linkedin.com/company/raga-production-house,panchkula,ra&ga studios,haryana,11-50,
india,2005,38CvxCJYtSF7Y3jJeqBx6AfW4JjR,marketing and advertising,linkedin.com/company/prodigi-a-wpp-company,gurgaon,prodigi india,haryana,51-200,prodigi.io
india,,oG6KZJLgCMwu4sBevxLnFwEGOu1d,marketing and advertising,linkedin.com/company/imprimeé,saugor,imprimé,madhya pradesh,1-10,
india,1945,PvPJX0ri86vhw9NU8St3NAhsUhWS,marketing and advertising,linkedin.com/company/advertising-agencies-association-of-india,mumbai,advertising agencies association of india,maharashtra,1-10,aaaindia.org
india,2021,ZHtAldfe6Gz46fiqJbMWKwyDTbiu,marketing and advertising,linkedin.com/company/quippmarketing,mumbai,quipp,maharashtra,11-50,
india,2020,9KVlWThgRl7EyBcrguuBoAso3ZPN,marketing and advertising,linkedin.com/company/netv,pune,netechvision,maharashtra,1-10,netechvision.in
india,,kU3JkAYGpcs6lvelVXnfCAiX18bJ,marketing and advertising,linkedin.com/company/madhyam---india,wing,madhyam - india,maharashtra,1-10,madhyamaurangabad.com
india,,MAYs7CKrvw5Q3LzKPNnvTgUpLLIP,marketing and advertising,linkedin.com/company/sahildigitaldelhi,delhi,sahil digital,delhi,1-10,twitter.com/sahib2903
india,2024,2oHlfc72JfFZnkUoea1Z8AUSgBcm,marketing and advertising,linkedin.com/company/byndhype,gurgaon,byndhype,haryana,1-10,byndhype.com
india,2012,eChHnSlnYklKp32yOFV6fAMmNkvx,marketing and advertising,linkedin.com/company/mightywarners,noida,mighty warners group,uttar pradesh,51-200,
india,,LsCBdjeTC1BjOrf7PUzFuwEbOkDu,marketing and advertising,linkedin.com/company/infinity-digital-media-company,kolkāta,infinity digital media,west bengal,1-10,
india,2019,zIqBQ6l8OK2C2gBPOfLaBwk66sZB,marketing and advertising,linkedin.com/company/zac-beauty-products,pune,financial tech news,maharashtra,1-10,financialtech-news.com
india,,VM6PwsQ27bQSwvkCtLFkHwG69jne,marketing and advertising,linkedin.com/company/qverifier,noida,qverifier (shivtel communications pvt ltd),uttar pradesh,11-50,qverifier.com
india,2017,DRESkkzqF40DJhojKW34EQKchx1l,marketing and advertising,linkedin.com/company/brandzusagency,delhi,brandzus,delhi,11-50,brandzus.com
india,2017,xdOrO9tG8VgxF7b2GvjCRwS2xGJl,marketing and advertising,linkedin.com/company/dartcreatives,new delhi,dartcreatives,delhi,1-10,dartcreatives.com
india,1992,ssxuAnzS8DxhCnlI137GjwmRTVk8,marketing and advertising,linkedin.com/company/pearl-advertising-agency,new delhi,pearl advertising agency,delhi,1-10,pearladvertising.in
india,2020,xq1v9bE9sOoCKchBCI37qALXzrZE,marketing and advertising,linkedin.com/company/golive2020,jaipur,golive,rajasthan,1-10,
india,,GjtQjn9Aq3Q8FCe6TsWyLgpk13Hi,marketing and advertising,linkedin.com/company/qsis,new delhi,qsis,delhi,11-50,qsis.in
india,2021,8uvTaAKwBEXGaVogB4dmpQJzS0Te,marketing and advertising,linkedin.com/company/contenttree,bangalore,content tree,karnataka,1-10,contentree.co.in
india,2020,YzgPtjAmrY9T4Bwc4S5LBgYjU3Eu,marketing and advertising,linkedin.com/company/globusecom,dehra dūn,globusecom,uttarakhand,1-10,globusecom.wordpress.com
india,,ygpoxAYXJqLeIChaiFsgIgml6MBE,marketing and advertising,linkedin.com/company/feder-studios,hyderābād,feder studios- digital marketing company,telangana,1-10,
india,2016,DwiRhE393VABKWDye1iKBwYziaNr,marketing and advertising,linkedin.com/company/ageln-business-solutions-private-limited,jp nagar iii phase,ageln business solutions private limited,karnataka,11-50,ageln.in
india,1986,KQcaC8q1buCF5MtN7Bg5SgBAupuT,marketing and advertising,linkedin.com/company/contract-advertising-india-pvt.-ltd.,mumbai,contract advertising india pvt. ltd. (a wpp company),maharashtra,51-200,
india,2020,BpOZOKAsnXpEyZ2aTGI8ogogvMN8,marketing and advertising,linkedin.com/company/referralindia,gurgaon,referral india,haryana,1-10,referralindia.in
india,2021,BS9BkT9gAV2wEnw3knTf4g51ogEa,marketing and advertising,linkedin.com/company/social-soul9,mumbai,social soul,maharashtra,11-50,socialsoul.in
india,2023,7jKffhBCtjW3D88KW9k2FgRWR0xP,marketing and advertising,linkedin.com/company/kri8-drive-digital,pune,kri8 drive digital,maharashtra,1-10,kri8dm.co.in
india,2018,c8ynxwaSVy160sfWg17t1g1RX55m,marketing and advertising,linkedin.com/company/adberryonline,ernākulam,adberry,kerala,1-10,adberry.in
india,2017,5TdnTN9S3V1wnUNianRc7gxx2snU,marketing and advertising,linkedin.com/company/adcoll,noida,adcoll.com,uttar pradesh,11-50,adcoll.com
india,2005,vmKmGNBf9EiYhDDoQvNhKQUwIxRD,marketing and advertising,linkedin.com/company/riturn-digital-solutions-digital-ads-marketing-services-company-india-creative-digital-marketer,pālanpur,"riturn digital solutions - digital ads & marketing services company india, creative digital marketer",gujarat,11-50,riturndigitalsolutions.com
india,2019,0E52HjpCLyKOhrBKYr6MVQ1wwiAh,marketing and advertising,linkedin.com/company/stones-studios,jaipur,get better studios,rajasthan,11-50,getbetterstudios.com
india,2022,563ec4NSajBivAIQhdp7NQu66oAr,marketing and advertising,linkedin.com/company/wedigitizz1,mumbai,wedigitizz,maharashtra,1-10,wedigitizz.com
india,2019,ikU6CCOSP3W7DI5N17Q7XQrLKAVE,marketing and advertising,linkedin.com/company/cxo-branding,bangalore,cxo branding,karnataka,1-10,cxobranding.com
india,2013,bFW9PiCld26CqF58ATOtZgUkXATh,marketing and advertising,linkedin.com/company/brandarms,mumbai,brandarms,maharashtra,1-10,brandarms.com
india,2024,yBkFLCHUQQBlY82Ah51KcgsF8man,marketing and advertising,linkedin.com/company/creator-chart,bangalore,creator chart,karnataka,1-10,creatorchart.in
india,,eCEFnvABvDefFsT55ApYCQIOcUNg,marketing and advertising,linkedin.com/company/createurcube,sūrat,createur cube,gujarat,1-10,
india,2023,kRZqfPev2Xd9ItvZk9sQCwenJa8T,marketing and advertising,linkedin.com/company/spark-ads-digital-marketing-services,thiruvananthapuram,spark ads,kerala,1-10,
india,2010,nHv7NJodBNjBOcspvg6VIw93Er7t,marketing and advertising,linkedin.com/company/lila-media-corp,nāgpur,lila media corp.,maharashtra,11-50,lilamediacorp.com
india,2022,twC3L9LAvLKYZ8UrtXQ8kQ8xC3m4,marketing and advertising,linkedin.com/company/mediaigos,hari nagar,mediaigos,delhi,1-10,
india,2021,YiAte5n7ICmwwBj3mqOuLgi9i1dl,marketing and advertising,linkedin.com/company/apexbyte-technologies,vārānasi,apexbyte technologies,uttar pradesh,1-10,
india,,HVnkc7zWoj5myTcihlkhNQqG9eyF,marketing and advertising,linkedin.com/company/smark-mart,ghāziābād,smark mart,uttar pradesh,11-50,indiamart.com/smark-mart
india,2018,yBiWTVEEvL5dzTVXC31xfgX3ONbi,marketing and advertising,linkedin.com/company/bridgecomm-merc,mumbai,bridgecomm,maharashtra,11-50,mercantile.in
india,,3sxnc1WyvJLrOc6JHhCVHg4KrFBf,marketing and advertising,linkedin.com/company/boominghype,gwalior,boominghype,madhya pradesh,1-10,boominghype.com
india,2017,t3X7kNl2FeMdjADmKiCXMwQqlc4p,marketing and advertising,linkedin.com/company/costica-business-solutions,gachibowli,costica business solutions llp,telangana,11-50,costica.co
india,2012,fjWJpkJ9ZBLqUqCU6n4xTgcZTeLR,marketing and advertising,linkedin.com/company/pracharnamamediapvtltd,farīdābād,pracharnama,haryana,11-50,pracharnama.com
india,2017,1ozXNn6CvtNmnjq8bDWIEw9Z36j8,marketing and advertising,linkedin.com/company/reporteus,navale,reporteus,maharashtra,11-50,reporte.us
india,2023,4ZC4a6uF5CyM6evviex0zgry54H5,marketing and advertising,linkedin.com/company/dkmarketingagency,sūrat,dk marketing agency,gujarat,1-10,
india,,Ksu1bkG552l0Xq2RkCM9Mww3FMBk,marketing and advertising,linkedin.com/company/digital-harshit,jaipur,digital harshit,rajasthan,1-10,digitalharshit.com
india,2020,F82hOHpK4OKPOiYk9lIBvQu7VH51,marketing and advertising,linkedin.com/company/studiovivarta,bangalore,studio vivarta,karnataka,11-50,
india,2023,oe3MxSCLdTJ8umcv0IUIDQ8YnvFV,marketing and advertising,linkedin.com/company/bailout,mumbai,bailout,maharashtra,1-10,
india,2017,5SbYuXRwx83OdZdAv2CJNAZEIX8M,marketing and advertising,linkedin.com/company/eseller-guru,civil lines,e-seller guru info solution pvt. ltd.,uttar pradesh,11-50,esellerguru.com
india,,LJ2T56tIlHYXYZYKOkZOCwQs7Ha1,marketing and advertising,linkedin.com/company/digital-teena,kota,digital teena,rajasthan,1-10,
india,2020,lYNIiVBK5v2FOfKc5GJs6ANdXbph,marketing and advertising,linkedin.com/company/abstract-reality-studios,delhi,abstract reality studios,delhi,11-50,abstractrealitystudios.com
india,2012,TH7wj8XiGrcwyXnxZXKRqwpEmfb2,marketing and advertising,linkedin.com/company/vertiver,new delhi,vertiver,delhi,11-50,vertiver.com
